ERR3791403,/scratch.global/zhoux379/barn/data/fastq/rn20c/ERR3791403_1.fq.gz,/scratch.global/zhoux379/barn/data/fastq/rn20c/ERR3791403_2.fq.gz
ERR3791404,/scratch.global/zhoux379/barn/data/fastq/rn20c/ERR3791404_1.fq.gz,/scratch.global/zhoux379/barn/data/fastq/rn20c/ERR3791404_2.fq.gz
ERR3791405,/scratch.global/zhoux379/barn/data/fastq/rn20c/ERR3791405_1.fq.gz,/scratch.global/zhoux379/barn/data/fastq/rn20c/ERR3791405_2.fq.gz
ERR3791406,/scratch.global/zhoux379/barn/data/fastq/rn20c/ERR3791406_1.fq.gz,/scratch.global/zhoux379/barn/data/fastq/rn20c/ERR3791406_2.fq.gz
ERR3791407,/scratch.global/zhoux379/barn/data/fastq/rn20c/ERR3791407_1.fq.gz,/scratch.global/zhoux379/barn/data/fastq/rn20c/ERR3791407_2.fq.gz
ERR3791408,/scratch.global/zhoux379/barn/data/fastq/rn20c/ERR3791408_1.fq.gz,/scratch.global/zhoux379/barn/data/fastq/rn20c/ERR3791408_2.fq.gz
ERR3791409,/scratch.global/zhoux379/barn/data/fastq/rn20c/ERR3791409_1.fq.gz,/scratch.global/zhoux379/barn/data/fastq/rn20c/ERR3791409_2.fq.gz
ERR3791410,/scratch.global/zhoux379/barn/data/fastq/rn20c/ERR3791410_1.fq.gz,/scratch.global/zhoux379/barn/data/fastq/rn20c/ERR3791410_2.fq.gz
ERR3791411,/scratch.global/zhoux379/barn/data/fastq/rn20c/ERR3791411_1.fq.gz,/scratch.global/zhoux379/barn/data/fastq/rn20c/ERR3791411_2.fq.gz
ERR3791412,/scratch.global/zhoux379/barn/data/fastq/rn20c/ERR3791412_1.fq.gz,/scratch.global/zhoux379/barn/data/fastq/rn20c/ERR3791412_2.fq.gz
ERR3791413,/scratch.global/zhoux379/barn/data/fastq/rn20c/ERR3791413_1.fq.gz,/scratch.global/zhoux379/barn/data/fastq/rn20c/ERR3791413_2.fq.gz
ERR3791414,/scratch.global/zhoux379/barn/data/fastq/rn20c/ERR3791414_1.fq.gz,/scratch.global/zhoux379/barn/data/fastq/rn20c/ERR3791414_2.fq.gz
ERR3791415,/scratch.global/zhoux379/barn/data/fastq/rn20c/ERR3791415_1.fq.gz,/scratch.global/zhoux379/barn/data/fastq/rn20c/ERR3791415_2.fq.gz
ERR3791416,/scratch.global/zhoux379/barn/data/fastq/rn20c/ERR3791416_1.fq.gz,/scratch.global/zhoux379/barn/data/fastq/rn20c/ERR3791416_2.fq.gz
ERR3791417,/scratch.global/zhoux379/barn/data/fastq/rn20c/ERR3791417_1.fq.gz,/scratch.global/zhoux379/barn/data/fastq/rn20c/ERR3791417_2.fq.gz
ERR3791418,/scratch.global/zhoux379/barn/data/fastq/rn20c/ERR3791418_1.fq.gz,/scratch.global/zhoux379/barn/data/fastq/rn20c/ERR3791418_2.fq.gz
ERR3791419,/scratch.global/zhoux379/barn/data/fastq/rn20c/ERR3791419_1.fq.gz,/scratch.global/zhoux379/barn/data/fastq/rn20c/ERR3791419_2.fq.gz
ERR3791420,/scratch.global/zhoux379/barn/data/fastq/rn20c/ERR3791420_1.fq.gz,/scratch.global/zhoux379/barn/data/fastq/rn20c/ERR3791420_2.fq.gz
ERR3791421,/scratch.global/zhoux379/barn/data/fastq/rn20c/ERR3791421_1.fq.gz,/scratch.global/zhoux379/barn/data/fastq/rn20c/ERR3791421_2.fq.gz
ERR3791422,/scratch.global/zhoux379/barn/data/fastq/rn20c/ERR3791422_1.fq.gz,/scratch.global/zhoux379/barn/data/fastq/rn20c/ERR3791422_2.fq.gz
ERR3791423,/scratch.global/zhoux379/barn/data/fastq/rn20c/ERR3791423_1.fq.gz,/scratch.global/zhoux379/barn/data/fastq/rn20c/ERR3791423_2.fq.gz
ERR3791424,/scratch.global/zhoux379/barn/data/fastq/rn20c/ERR3791424_1.fq.gz,/scratch.global/zhoux379/barn/data/fastq/rn20c/ERR3791424_2.fq.gz
ERR3791425,/scratch.global/zhoux379/barn/data/fastq/rn20c/ERR3791425_1.fq.gz,/scratch.global/zhoux379/barn/data/fastq/rn20c/ERR3791425_2.fq.gz
ERR3791426,/scratch.global/zhoux379/barn/data/fastq/rn20c/ERR3791426_1.fq.gz,/scratch.global/zhoux379/barn/data/fastq/rn20c/ERR3791426_2.fq.gz
ERR3791427,/scratch.global/zhoux379/barn/data/fastq/rn20c/ERR3791427_1.fq.gz,/scratch.global/zhoux379/barn/data/fastq/rn20c/ERR3791427_2.fq.gz
ERR3791428,/scratch.global/zhoux379/barn/data/fastq/rn20c/ERR3791428_1.fq.gz,/scratch.global/zhoux379/barn/data/fastq/rn20c/ERR3791428_2.fq.gz
ERR3791429,/scratch.global/zhoux379/barn/data/fastq/rn20c/ERR3791429_1.fq.gz,/scratch.global/zhoux379/barn/data/fastq/rn20c/ERR3791429_2.fq.gz
ERR3791430,/scratch.global/zhoux379/barn/data/fastq/rn20c/ERR3791430_1.fq.gz,/scratch.global/zhoux379/barn/data/fastq/rn20c/ERR3791430_2.fq.gz
ERR3791431,/scratch.global/zhoux379/barn/data/fastq/rn20c/ERR3791431_1.fq.gz,/scratch.global/zhoux379/barn/data/fastq/rn20c/ERR3791431_2.fq.gz
ERR3791432,/scratch.global/zhoux379/barn/data/fastq/rn20c/ERR3791432_1.fq.gz,/scratch.global/zhoux379/barn/data/fastq/rn20c/ERR3791432_2.fq.gz
ERR3791433,/scratch.global/zhoux379/barn/data/fastq/rn20c/ERR3791433_1.fq.gz,/scratch.global/zhoux379/barn/data/fastq/rn20c/ERR3791433_2.fq.gz
ERR3791434,/scratch.global/zhoux379/barn/data/fastq/rn20c/ERR3791434_1.fq.gz,/scratch.global/zhoux379/barn/data/fastq/rn20c/ERR3791434_2.fq.gz
ERR3791435,/scratch.global/zhoux379/barn/data/fastq/rn20c/ERR3791435_1.fq.gz,/scratch.global/zhoux379/barn/data/fastq/rn20c/ERR3791435_2.fq.gz
ERR3791436,/scratch.global/zhoux379/barn/data/fastq/rn20c/ERR3791436_1.fq.gz,/scratch.global/zhoux379/barn/data/fastq/rn20c/ERR3791436_2.fq.gz
ERR3791437,/scratch.global/zhoux379/barn/data/fastq/rn20c/ERR3791437_1.fq.gz,/scratch.global/zhoux379/barn/data/fastq/rn20c/ERR3791437_2.fq.gz
ERR3791438,/scratch.global/zhoux379/barn/data/fastq/rn20c/ERR3791438_1.fq.gz,/scratch.global/zhoux379/barn/data/fastq/rn20c/ERR3791438_2.fq.gz
ERR3791439,/scratch.global/zhoux379/barn/data/fastq/rn20c/ERR3791439_1.fq.gz,/scratch.global/zhoux379/barn/data/fastq/rn20c/ERR3791439_2.fq.gz
ERR3791440,/scratch.global/zhoux379/barn/data/fastq/rn20c/ERR3791440_1.fq.gz,/scratch.global/zhoux379/barn/data/fastq/rn20c/ERR3791440_2.fq.gz
ERR3791441,/scratch.global/zhoux379/barn/data/fastq/rn20c/ERR3791441_1.fq.gz,/scratch.global/zhoux379/barn/data/fastq/rn20c/ERR3791441_2.fq.gz
ERR3791442,/scratch.global/zhoux379/barn/data/fastq/rn20c/ERR3791442_1.fq.gz,/scratch.global/zhoux379/barn/data/fastq/rn20c/ERR3791442_2.fq.gz
ERR3791443,/scratch.global/zhoux379/barn/data/fastq/rn20c/ERR3791443_1.fq.gz,/scratch.global/zhoux379/barn/data/fastq/rn20c/ERR3791443_2.fq.gz
ERR3791444,/scratch.global/zhoux379/barn/data/fastq/rn20c/ERR3791444_1.fq.gz,/scratch.global/zhoux379/barn/data/fastq/rn20c/ERR3791444_2.fq.gz
ERR3791445,/scratch.global/zhoux379/barn/data/fastq/rn20c/ERR3791445_1.fq.gz,/scratch.global/zhoux379/barn/data/fastq/rn20c/ERR3791445_2.fq.gz
ERR3791446,/scratch.global/zhoux379/barn/data/fastq/rn20c/ERR3791446_1.fq.gz,/scratch.global/zhoux379/barn/data/fastq/rn20c/ERR3791446_2.fq.gz
ERR3791447,/scratch.global/zhoux379/barn/data/fastq/rn20c/ERR3791447_1.fq.gz,/scratch.global/zhoux379/barn/data/fastq/rn20c/ERR3791447_2.fq.gz
ERR3791448,/scratch.global/zhoux379/barn/data/fastq/rn20c/ERR3791448_1.fq.gz,/scratch.global/zhoux379/barn/data/fastq/rn20c/ERR3791448_2.fq.gz
ERR3791449,/scratch.global/zhoux379/barn/data/fastq/rn20c/ERR3791449_1.fq.gz,/scratch.global/zhoux379/barn/data/fastq/rn20c/ERR3791449_2.fq.gz
ERR3791450,/scratch.global/zhoux379/barn/data/fastq/rn20c/ERR3791450_1.fq.gz,/scratch.global/zhoux379/barn/data/fastq/rn20c/ERR3791450_2.fq.gz
ERR3791451,/scratch.global/zhoux379/barn/data/fastq/rn20c/ERR3791451_1.fq.gz,/scratch.global/zhoux379/barn/data/fastq/rn20c/ERR3791451_2.fq.gz
ERR3791452,/scratch.global/zhoux379/barn/data/fastq/rn20c/ERR3791452_1.fq.gz,/scratch.global/zhoux379/barn/data/fastq/rn20c/ERR3791452_2.fq.gz
ERR3791453,/scratch.global/zhoux379/barn/data/fastq/rn20c/ERR3791453_1.fq.gz,/scratch.global/zhoux379/barn/data/fastq/rn20c/ERR3791453_2.fq.gz
ERR3791454,/scratch.global/zhoux379/barn/data/fastq/rn20c/ERR3791454_1.fq.gz,/scratch.global/zhoux379/barn/data/fastq/rn20c/ERR3791454_2.fq.gz
ERR3791455,/scratch.global/zhoux379/barn/data/fastq/rn20c/ERR3791455_1.fq.gz,/scratch.global/zhoux379/barn/data/fastq/rn20c/ERR3791455_2.fq.gz
ERR3791456,/scratch.global/zhoux379/barn/data/fastq/rn20c/ERR3791456_1.fq.gz,/scratch.global/zhoux379/barn/data/fastq/rn20c/ERR3791456_2.fq.gz
ERR3791457,/scratch.global/zhoux379/barn/data/fastq/rn20c/ERR3791457_1.fq.gz,/scratch.global/zhoux379/barn/data/fastq/rn20c/ERR3791457_2.fq.gz
ERR3791458,/scratch.global/zhoux379/barn/data/fastq/rn20c/ERR3791458_1.fq.gz,/scratch.global/zhoux379/barn/data/fastq/rn20c/ERR3791458_2.fq.gz
ERR3791459,/scratch.global/zhoux379/barn/data/fastq/rn20c/ERR3791459_1.fq.gz,/scratch.global/zhoux379/barn/data/fastq/rn20c/ERR3791459_2.fq.gz
ERR3791460,/scratch.global/zhoux379/barn/data/fastq/rn20c/ERR3791460_1.fq.gz,/scratch.global/zhoux379/barn/data/fastq/rn20c/ERR3791460_2.fq.gz
ERR3791461,/scratch.global/zhoux379/barn/data/fastq/rn20c/ERR3791461_1.fq.gz,/scratch.global/zhoux379/barn/data/fastq/rn20c/ERR3791461_2.fq.gz
ERR3791462,/scratch.global/zhoux379/barn/data/fastq/rn20c/ERR3791462_1.fq.gz,/scratch.global/zhoux379/barn/data/fastq/rn20c/ERR3791462_2.fq.gz
ERR3791463,/scratch.global/zhoux379/barn/data/fastq/rn20c/ERR3791463_1.fq.gz,/scratch.global/zhoux379/barn/data/fastq/rn20c/ERR3791463_2.fq.gz
ERR3791464,/scratch.global/zhoux379/barn/data/fastq/rn20c/ERR3791464_1.fq.gz,/scratch.global/zhoux379/barn/data/fastq/rn20c/ERR3791464_2.fq.gz
ERR3791465,/scratch.global/zhoux379/barn/data/fastq/rn20c/ERR3791465_1.fq.gz,/scratch.global/zhoux379/barn/data/fastq/rn20c/ERR3791465_2.fq.gz
ERR3791466,/scratch.global/zhoux379/barn/data/fastq/rn20c/ERR3791466_1.fq.gz,/scratch.global/zhoux379/barn/data/fastq/rn20c/ERR3791466_2.fq.gz
ERR3791467,/scratch.global/zhoux379/barn/data/fastq/rn20c/ERR3791467_1.fq.gz,/scratch.global/zhoux379/barn/data/fastq/rn20c/ERR3791467_2.fq.gz
ERR3791468,/scratch.global/zhoux379/barn/data/fastq/rn20c/ERR3791468_1.fq.gz,/scratch.global/zhoux379/barn/data/fastq/rn20c/ERR3791468_2.fq.gz
ERR3791469,/scratch.global/zhoux379/barn/data/fastq/rn20c/ERR3791469_1.fq.gz,/scratch.global/zhoux379/barn/data/fastq/rn20c/ERR3791469_2.fq.gz
ERR3791470,/scratch.global/zhoux379/barn/data/fastq/rn20c/ERR3791470_1.fq.gz,/scratch.global/zhoux379/barn/data/fastq/rn20c/ERR3791470_2.fq.gz
ERR3791471,/scratch.global/zhoux379/barn/data/fastq/rn20c/ERR3791471_1.fq.gz,/scratch.global/zhoux379/barn/data/fastq/rn20c/ERR3791471_2.fq.gz
ERR3791472,/scratch.global/zhoux379/barn/data/fastq/rn20c/ERR3791472_1.fq.gz,/scratch.global/zhoux379/barn/data/fastq/rn20c/ERR3791472_2.fq.gz
ERR3791473,/scratch.global/zhoux379/barn/data/fastq/rn20c/ERR3791473_1.fq.gz,/scratch.global/zhoux379/barn/data/fastq/rn20c/ERR3791473_2.fq.gz
ERR3791474,/scratch.global/zhoux379/barn/data/fastq/rn20c/ERR3791474_1.fq.gz,/scratch.global/zhoux379/barn/data/fastq/rn20c/ERR3791474_2.fq.gz
ERR3791475,/scratch.global/zhoux379/barn/data/fastq/rn20c/ERR3791475_1.fq.gz,/scratch.global/zhoux379/barn/data/fastq/rn20c/ERR3791475_2.fq.gz
ERR3791476,/scratch.global/zhoux379/barn/data/fastq/rn20c/ERR3791476_1.fq.gz,/scratch.global/zhoux379/barn/data/fastq/rn20c/ERR3791476_2.fq.gz
ERR3791477,/scratch.global/zhoux379/barn/data/fastq/rn20c/ERR3791477_1.fq.gz,/scratch.global/zhoux379/barn/data/fastq/rn20c/ERR3791477_2.fq.gz
ERR3791478,/scratch.global/zhoux379/barn/data/fastq/rn20c/ERR3791478_1.fq.gz,/scratch.global/zhoux379/barn/data/fastq/rn20c/ERR3791478_2.fq.gz
ERR3791479,/scratch.global/zhoux379/barn/data/fastq/rn20c/ERR3791479_1.fq.gz,/scratch.global/zhoux379/barn/data/fastq/rn20c/ERR3791479_2.fq.gz
ERR3791480,/scratch.global/zhoux379/barn/data/fastq/rn20c/ERR3791480_1.fq.gz,/scratch.global/zhoux379/barn/data/fastq/rn20c/ERR3791480_2.fq.gz
ERR3791481,/scratch.global/zhoux379/barn/data/fastq/rn20c/ERR3791481_1.fq.gz,/scratch.global/zhoux379/barn/data/fastq/rn20c/ERR3791481_2.fq.gz
ERR3791482,/scratch.global/zhoux379/barn/data/fastq/rn20c/ERR3791482_1.fq.gz,/scratch.global/zhoux379/barn/data/fastq/rn20c/ERR3791482_2.fq.gz
ERR3791483,/scratch.global/zhoux379/barn/data/fastq/rn20c/ERR3791483_1.fq.gz,/scratch.global/zhoux379/barn/data/fastq/rn20c/ERR3791483_2.fq.gz
ERR3791484,/scratch.global/zhoux379/barn/data/fastq/rn20c/ERR3791484_1.fq.gz,/scratch.global/zhoux379/barn/data/fastq/rn20c/ERR3791484_2.fq.gz
ERR3791485,/scratch.global/zhoux379/barn/data/fastq/rn20c/ERR3791485_1.fq.gz,/scratch.global/zhoux379/barn/data/fastq/rn20c/ERR3791485_2.fq.gz
ERR3791486,/scratch.global/zhoux379/barn/data/fastq/rn20c/ERR3791486_1.fq.gz,/scratch.global/zhoux379/barn/data/fastq/rn20c/ERR3791486_2.fq.gz
ERR3791487,/scratch.global/zhoux379/barn/data/fastq/rn20c/ERR3791487_1.fq.gz,/scratch.global/zhoux379/barn/data/fastq/rn20c/ERR3791487_2.fq.gz
ERR3791488,/scratch.global/zhoux379/barn/data/fastq/rn20c/ERR3791488_1.fq.gz,/scratch.global/zhoux379/barn/data/fastq/rn20c/ERR3791488_2.fq.gz
ERR3791489,/scratch.global/zhoux379/barn/data/fastq/rn20c/ERR3791489_1.fq.gz,/scratch.global/zhoux379/barn/data/fastq/rn20c/ERR3791489_2.fq.gz
ERR3791490,/scratch.global/zhoux379/barn/data/fastq/rn20c/ERR3791490_1.fq.gz,/scratch.global/zhoux379/barn/data/fastq/rn20c/ERR3791490_2.fq.gz
ERR3791491,/scratch.global/zhoux379/barn/data/fastq/rn20c/ERR3791491_1.fq.gz,/scratch.global/zhoux379/barn/data/fastq/rn20c/ERR3791491_2.fq.gz
ERR3791492,/scratch.global/zhoux379/barn/data/fastq/rn20c/ERR3791492_1.fq.gz,/scratch.global/zhoux379/barn/data/fastq/rn20c/ERR3791492_2.fq.gz
ERR3791493,/scratch.global/zhoux379/barn/data/fastq/rn20c/ERR3791493_1.fq.gz,/scratch.global/zhoux379/barn/data/fastq/rn20c/ERR3791493_2.fq.gz
ERR3791494,/scratch.global/zhoux379/barn/data/fastq/rn20c/ERR3791494_1.fq.gz,/scratch.global/zhoux379/barn/data/fastq/rn20c/ERR3791494_2.fq.gz
ERR3791495,/scratch.global/zhoux379/barn/data/fastq/rn20c/ERR3791495_1.fq.gz,/scratch.global/zhoux379/barn/data/fastq/rn20c/ERR3791495_2.fq.gz
ERR3791496,/scratch.global/zhoux379/barn/data/fastq/rn20c/ERR3791496_1.fq.gz,/scratch.global/zhoux379/barn/data/fastq/rn20c/ERR3791496_2.fq.gz
ERR3791497,/scratch.global/zhoux379/barn/data/fastq/rn20c/ERR3791497_1.fq.gz,/scratch.global/zhoux379/barn/data/fastq/rn20c/ERR3791497_2.fq.gz
ERR3791498,/scratch.global/zhoux379/barn/data/fastq/rn20c/ERR3791498_1.fq.gz,/scratch.global/zhoux379/barn/data/fastq/rn20c/ERR3791498_2.fq.gz
ERR3791499,/scratch.global/zhoux379/barn/data/fastq/rn20c/ERR3791499_1.fq.gz,/scratch.global/zhoux379/barn/data/fastq/rn20c/ERR3791499_2.fq.gz
ERR3791500,/scratch.global/zhoux379/barn/data/fastq/rn20c/ERR3791500_1.fq.gz,/scratch.global/zhoux379/barn/data/fastq/rn20c/ERR3791500_2.fq.gz
ERR3791501,/scratch.global/zhoux379/barn/data/fastq/rn20c/ERR3791501_1.fq.gz,/scratch.global/zhoux379/barn/data/fastq/rn20c/ERR3791501_2.fq.gz
ERR3791502,/scratch.global/zhoux379/barn/data/fastq/rn20c/ERR3791502_1.fq.gz,/scratch.global/zhoux379/barn/data/fastq/rn20c/ERR3791502_2.fq.gz
ERR3791503,/scratch.global/zhoux379/barn/data/fastq/rn20c/ERR3791503_1.fq.gz,/scratch.global/zhoux379/barn/data/fastq/rn20c/ERR3791503_2.fq.gz
ERR3791504,/scratch.global/zhoux379/barn/data/fastq/rn20c/ERR3791504_1.fq.gz,/scratch.global/zhoux379/barn/data/fastq/rn20c/ERR3791504_2.fq.gz
ERR3791505,/scratch.global/zhoux379/barn/data/fastq/rn20c/ERR3791505_1.fq.gz,/scratch.global/zhoux379/barn/data/fastq/rn20c/ERR3791505_2.fq.gz
ERR3791506,/scratch.global/zhoux379/barn/data/fastq/rn20c/ERR3791506_1.fq.gz,/scratch.global/zhoux379/barn/data/fastq/rn20c/ERR3791506_2.fq.gz
ERR3791507,/scratch.global/zhoux379/barn/data/fastq/rn20c/ERR3791507_1.fq.gz,/scratch.global/zhoux379/barn/data/fastq/rn20c/ERR3791507_2.fq.gz
ERR3791508,/scratch.global/zhoux379/barn/data/fastq/rn20c/ERR3791508_1.fq.gz,/scratch.global/zhoux379/barn/data/fastq/rn20c/ERR3791508_2.fq.gz
ERR3791509,/scratch.global/zhoux379/barn/data/fastq/rn20c/ERR3791509_1.fq.gz,/scratch.global/zhoux379/barn/data/fastq/rn20c/ERR3791509_2.fq.gz
ERR3791510,/scratch.global/zhoux379/barn/data/fastq/rn20c/ERR3791510_1.fq.gz,/scratch.global/zhoux379/barn/data/fastq/rn20c/ERR3791510_2.fq.gz
ERR3791511,/scratch.global/zhoux379/barn/data/fastq/rn20c/ERR3791511_1.fq.gz,/scratch.global/zhoux379/barn/data/fastq/rn20c/ERR3791511_2.fq.gz
ERR3791512,/scratch.global/zhoux379/barn/data/fastq/rn20c/ERR3791512_1.fq.gz,/scratch.global/zhoux379/barn/data/fastq/rn20c/ERR3791512_2.fq.gz
ERR3791513,/scratch.global/zhoux379/barn/data/fastq/rn20c/ERR3791513_1.fq.gz,/scratch.global/zhoux379/barn/data/fastq/rn20c/ERR3791513_2.fq.gz
ERR3791514,/scratch.global/zhoux379/barn/data/fastq/rn20c/ERR3791514_1.fq.gz,/scratch.global/zhoux379/barn/data/fastq/rn20c/ERR3791514_2.fq.gz
ERR3791515,/scratch.global/zhoux379/barn/data/fastq/rn20c/ERR3791515_1.fq.gz,/scratch.global/zhoux379/barn/data/fastq/rn20c/ERR3791515_2.fq.gz
ERR3791516,/scratch.global/zhoux379/barn/data/fastq/rn20c/ERR3791516_1.fq.gz,/scratch.global/zhoux379/barn/data/fastq/rn20c/ERR3791516_2.fq.gz
ERR3791517,/scratch.global/zhoux379/barn/data/fastq/rn20c/ERR3791517_1.fq.gz,/scratch.global/zhoux379/barn/data/fastq/rn20c/ERR3791517_2.fq.gz
ERR3791518,/scratch.global/zhoux379/barn/data/fastq/rn20c/ERR3791518_1.fq.gz,/scratch.global/zhoux379/barn/data/fastq/rn20c/ERR3791518_2.fq.gz
ERR3791519,/scratch.global/zhoux379/barn/data/fastq/rn20c/ERR3791519_1.fq.gz,/scratch.global/zhoux379/barn/data/fastq/rn20c/ERR3791519_2.fq.gz
ERR3791520,/scratch.global/zhoux379/barn/data/fastq/rn20c/ERR3791520_1.fq.gz,/scratch.global/zhoux379/barn/data/fastq/rn20c/ERR3791520_2.fq.gz
ERR3791521,/scratch.global/zhoux379/barn/data/fastq/rn20c/ERR3791521_1.fq.gz,/scratch.global/zhoux379/barn/data/fastq/rn20c/ERR3791521_2.fq.gz
ERR3791522,/scratch.global/zhoux379/barn/data/fastq/rn20c/ERR3791522_1.fq.gz,/scratch.global/zhoux379/barn/data/fastq/rn20c/ERR3791522_2.fq.gz
ERR3791523,/scratch.global/zhoux379/barn/data/fastq/rn20c/ERR3791523_1.fq.gz,/scratch.global/zhoux379/barn/data/fastq/rn20c/ERR3791523_2.fq.gz
ERR3791524,/scratch.global/zhoux379/barn/data/fastq/rn20c/ERR3791524_1.fq.gz,/scratch.global/zhoux379/barn/data/fastq/rn20c/ERR3791524_2.fq.gz
ERR3791525,/scratch.global/zhoux379/barn/data/fastq/rn20c/ERR3791525_1.fq.gz,/scratch.global/zhoux379/barn/data/fastq/rn20c/ERR3791525_2.fq.gz
ERR3791526,/scratch.global/zhoux379/barn/data/fastq/rn20c/ERR3791526_1.fq.gz,/scratch.global/zhoux379/barn/data/fastq/rn20c/ERR3791526_2.fq.gz
ERR3791527,/scratch.global/zhoux379/barn/data/fastq/rn20c/ERR3791527_1.fq.gz,/scratch.global/zhoux379/barn/data/fastq/rn20c/ERR3791527_2.fq.gz
ERR3791528,/scratch.global/zhoux379/barn/data/fastq/rn20c/ERR3791528_1.fq.gz,/scratch.global/zhoux379/barn/data/fastq/rn20c/ERR3791528_2.fq.gz
ERR3791529,/scratch.global/zhoux379/barn/data/fastq/rn20c/ERR3791529_1.fq.gz,/scratch.global/zhoux379/barn/data/fastq/rn20c/ERR3791529_2.fq.gz
ERR3791530,/scratch.global/zhoux379/barn/data/fastq/rn20c/ERR3791530_1.fq.gz,/scratch.global/zhoux379/barn/data/fastq/rn20c/ERR3791530_2.fq.gz
ERR3791531,/scratch.global/zhoux379/barn/data/fastq/rn20c/ERR3791531_1.fq.gz,/scratch.global/zhoux379/barn/data/fastq/rn20c/ERR3791531_2.fq.gz
ERR3791532,/scratch.global/zhoux379/barn/data/fastq/rn20c/ERR3791532_1.fq.gz,/scratch.global/zhoux379/barn/data/fastq/rn20c/ERR3791532_2.fq.gz
ERR3791533,/scratch.global/zhoux379/barn/data/fastq/rn20c/ERR3791533_1.fq.gz,/scratch.global/zhoux379/barn/data/fastq/rn20c/ERR3791533_2.fq.gz
ERR3791534,/scratch.global/zhoux379/barn/data/fastq/rn20c/ERR3791534_1.fq.gz,/scratch.global/zhoux379/barn/data/fastq/rn20c/ERR3791534_2.fq.gz
ERR3791535,/scratch.global/zhoux379/barn/data/fastq/rn20c/ERR3791535_1.fq.gz,/scratch.global/zhoux379/barn/data/fastq/rn20c/ERR3791535_2.fq.gz
ERR3791536,/scratch.global/zhoux379/barn/data/fastq/rn20c/ERR3791536_1.fq.gz,/scratch.global/zhoux379/barn/data/fastq/rn20c/ERR3791536_2.fq.gz
ERR3791537,/scratch.global/zhoux379/barn/data/fastq/rn20c/ERR3791537_1.fq.gz,/scratch.global/zhoux379/barn/data/fastq/rn20c/ERR3791537_2.fq.gz
ERR3791538,/scratch.global/zhoux379/barn/data/fastq/rn20c/ERR3791538_1.fq.gz,/scratch.global/zhoux379/barn/data/fastq/rn20c/ERR3791538_2.fq.gz
ERR3791539,/scratch.global/zhoux379/barn/data/fastq/rn20c/ERR3791539_1.fq.gz,/scratch.global/zhoux379/barn/data/fastq/rn20c/ERR3791539_2.fq.gz
ERR3791540,/scratch.global/zhoux379/barn/data/fastq/rn20c/ERR3791540_1.fq.gz,/scratch.global/zhoux379/barn/data/fastq/rn20c/ERR3791540_2.fq.gz
ERR3791541,/scratch.global/zhoux379/barn/data/fastq/rn20c/ERR3791541_1.fq.gz,/scratch.global/zhoux379/barn/data/fastq/rn20c/ERR3791541_2.fq.gz
ERR3791542,/scratch.global/zhoux379/barn/data/fastq/rn20c/ERR3791542_1.fq.gz,/scratch.global/zhoux379/barn/data/fastq/rn20c/ERR3791542_2.fq.gz
ERR3791543,/scratch.global/zhoux379/barn/data/fastq/rn20c/ERR3791543_1.fq.gz,/scratch.global/zhoux379/barn/data/fastq/rn20c/ERR3791543_2.fq.gz
ERR3791544,/scratch.global/zhoux379/barn/data/fastq/rn20c/ERR3791544_1.fq.gz,/scratch.global/zhoux379/barn/data/fastq/rn20c/ERR3791544_2.fq.gz
ERR3791545,/scratch.global/zhoux379/barn/data/fastq/rn20c/ERR3791545_1.fq.gz,/scratch.global/zhoux379/barn/data/fastq/rn20c/ERR3791545_2.fq.gz
ERR3791546,/scratch.global/zhoux379/barn/data/fastq/rn20c/ERR3791546_1.fq.gz,/scratch.global/zhoux379/barn/data/fastq/rn20c/ERR3791546_2.fq.gz
ERR3791547,/scratch.global/zhoux379/barn/data/fastq/rn20c/ERR3791547_1.fq.gz,/scratch.global/zhoux379/barn/data/fastq/rn20c/ERR3791547_2.fq.gz
ERR3791548,/scratch.global/zhoux379/barn/data/fastq/rn20c/ERR3791548_1.fq.gz,/scratch.global/zhoux379/barn/data/fastq/rn20c/ERR3791548_2.fq.gz
ERR3791549,/scratch.global/zhoux379/barn/data/fastq/rn20c/ERR3791549_1.fq.gz,/scratch.global/zhoux379/barn/data/fastq/rn20c/ERR3791549_2.fq.gz
ERR3791550,/scratch.global/zhoux379/barn/data/fastq/rn20c/ERR3791550_1.fq.gz,/scratch.global/zhoux379/barn/data/fastq/rn20c/ERR3791550_2.fq.gz
ERR3791551,/scratch.global/zhoux379/barn/data/fastq/rn20c/ERR3791551_1.fq.gz,/scratch.global/zhoux379/barn/data/fastq/rn20c/ERR3791551_2.fq.gz
ERR3791552,/scratch.global/zhoux379/barn/data/fastq/rn20c/ERR3791552_1.fq.gz,/scratch.global/zhoux379/barn/data/fastq/rn20c/ERR3791552_2.fq.gz
ERR3791553,/scratch.global/zhoux379/barn/data/fastq/rn20c/ERR3791553_1.fq.gz,/scratch.global/zhoux379/barn/data/fastq/rn20c/ERR3791553_2.fq.gz
ERR3791554,/scratch.global/zhoux379/barn/data/fastq/rn20c/ERR3791554_1.fq.gz,/scratch.global/zhoux379/barn/data/fastq/rn20c/ERR3791554_2.fq.gz
ERR3791555,/scratch.global/zhoux379/barn/data/fastq/rn20c/ERR3791555_1.fq.gz,/scratch.global/zhoux379/barn/data/fastq/rn20c/ERR3791555_2.fq.gz
ERR3791556,/scratch.global/zhoux379/barn/data/fastq/rn20c/ERR3791556_1.fq.gz,/scratch.global/zhoux379/barn/data/fastq/rn20c/ERR3791556_2.fq.gz
ERR3791557,/scratch.global/zhoux379/barn/data/fastq/rn20c/ERR3791557_1.fq.gz,/scratch.global/zhoux379/barn/data/fastq/rn20c/ERR3791557_2.fq.gz
ERR3791558,/scratch.global/zhoux379/barn/data/fastq/rn20c/ERR3791558_1.fq.gz,/scratch.global/zhoux379/barn/data/fastq/rn20c/ERR3791558_2.fq.gz
ERR3791559,/scratch.global/zhoux379/barn/data/fastq/rn20c/ERR3791559_1.fq.gz,/scratch.global/zhoux379/barn/data/fastq/rn20c/ERR3791559_2.fq.gz
ERR3791560,/scratch.global/zhoux379/barn/data/fastq/rn20c/ERR3791560_1.fq.gz,/scratch.global/zhoux379/barn/data/fastq/rn20c/ERR3791560_2.fq.gz
ERR3791561,/scratch.global/zhoux379/barn/data/fastq/rn20c/ERR3791561_1.fq.gz,/scratch.global/zhoux379/barn/data/fastq/rn20c/ERR3791561_2.fq.gz
ERR3791562,/scratch.global/zhoux379/barn/data/fastq/rn20c/ERR3791562_1.fq.gz,/scratch.global/zhoux379/barn/data/fastq/rn20c/ERR3791562_2.fq.gz
ERR3791563,/scratch.global/zhoux379/barn/data/fastq/rn20c/ERR3791563_1.fq.gz,/scratch.global/zhoux379/barn/data/fastq/rn20c/ERR3791563_2.fq.gz
ERR3791564,/scratch.global/zhoux379/barn/data/fastq/rn20c/ERR3791564_1.fq.gz,/scratch.global/zhoux379/barn/data/fastq/rn20c/ERR3791564_2.fq.gz
ERR3791565,/scratch.global/zhoux379/barn/data/fastq/rn20c/ERR3791565_1.fq.gz,/scratch.global/zhoux379/barn/data/fastq/rn20c/ERR3791565_2.fq.gz
ERR3791566,/scratch.global/zhoux379/barn/data/fastq/rn20c/ERR3791566_1.fq.gz,/scratch.global/zhoux379/barn/data/fastq/rn20c/ERR3791566_2.fq.gz
ERR3791567,/scratch.global/zhoux379/barn/data/fastq/rn20c/ERR3791567_1.fq.gz,/scratch.global/zhoux379/barn/data/fastq/rn20c/ERR3791567_2.fq.gz
ERR3791568,/scratch.global/zhoux379/barn/data/fastq/rn20c/ERR3791568_1.fq.gz,/scratch.global/zhoux379/barn/data/fastq/rn20c/ERR3791568_2.fq.gz
ERR3791569,/scratch.global/zhoux379/barn/data/fastq/rn20c/ERR3791569_1.fq.gz,/scratch.global/zhoux379/barn/data/fastq/rn20c/ERR3791569_2.fq.gz
ERR3791570,/scratch.global/zhoux379/barn/data/fastq/rn20c/ERR3791570_1.fq.gz,/scratch.global/zhoux379/barn/data/fastq/rn20c/ERR3791570_2.fq.gz
ERR3791571,/scratch.global/zhoux379/barn/data/fastq/rn20c/ERR3791571_1.fq.gz,/scratch.global/zhoux379/barn/data/fastq/rn20c/ERR3791571_2.fq.gz
ERR3791572,/scratch.global/zhoux379/barn/data/fastq/rn20c/ERR3791572_1.fq.gz,/scratch.global/zhoux379/barn/data/fastq/rn20c/ERR3791572_2.fq.gz
ERR3791573,/scratch.global/zhoux379/barn/data/fastq/rn20c/ERR3791573_1.fq.gz,/scratch.global/zhoux379/barn/data/fastq/rn20c/ERR3791573_2.fq.gz
ERR3791574,/scratch.global/zhoux379/barn/data/fastq/rn20c/ERR3791574_1.fq.gz,/scratch.global/zhoux379/barn/data/fastq/rn20c/ERR3791574_2.fq.gz
ERR3791575,/scratch.global/zhoux379/barn/data/fastq/rn20c/ERR3791575_1.fq.gz,/scratch.global/zhoux379/barn/data/fastq/rn20c/ERR3791575_2.fq.gz
ERR3791576,/scratch.global/zhoux379/barn/data/fastq/rn20c/ERR3791576_1.fq.gz,/scratch.global/zhoux379/barn/data/fastq/rn20c/ERR3791576_2.fq.gz
ERR3791577,/scratch.global/zhoux379/barn/data/fastq/rn20c/ERR3791577_1.fq.gz,/scratch.global/zhoux379/barn/data/fastq/rn20c/ERR3791577_2.fq.gz
ERR3791578,/scratch.global/zhoux379/barn/data/fastq/rn20c/ERR3791578_1.fq.gz,/scratch.global/zhoux379/barn/data/fastq/rn20c/ERR3791578_2.fq.gz
ERR3791579,/scratch.global/zhoux379/barn/data/fastq/rn20c/ERR3791579_1.fq.gz,/scratch.global/zhoux379/barn/data/fastq/rn20c/ERR3791579_2.fq.gz
ERR3791580,/scratch.global/zhoux379/barn/data/fastq/rn20c/ERR3791580_1.fq.gz,/scratch.global/zhoux379/barn/data/fastq/rn20c/ERR3791580_2.fq.gz
ERR3791581,/scratch.global/zhoux379/barn/data/fastq/rn20c/ERR3791581_1.fq.gz,/scratch.global/zhoux379/barn/data/fastq/rn20c/ERR3791581_2.fq.gz
ERR3791582,/scratch.global/zhoux379/barn/data/fastq/rn20c/ERR3791582_1.fq.gz,/scratch.global/zhoux379/barn/data/fastq/rn20c/ERR3791582_2.fq.gz
ERR3791583,/scratch.global/zhoux379/barn/data/fastq/rn20c/ERR3791583_1.fq.gz,/scratch.global/zhoux379/barn/data/fastq/rn20c/ERR3791583_2.fq.gz
ERR3791584,/scratch.global/zhoux379/barn/data/fastq/rn20c/ERR3791584_1.fq.gz,/scratch.global/zhoux379/barn/data/fastq/rn20c/ERR3791584_2.fq.gz
ERR3791585,/scratch.global/zhoux379/barn/data/fastq/rn20c/ERR3791585_1.fq.gz,/scratch.global/zhoux379/barn/data/fastq/rn20c/ERR3791585_2.fq.gz
ERR3791586,/scratch.global/zhoux379/barn/data/fastq/rn20c/ERR3791586_1.fq.gz,/scratch.global/zhoux379/barn/data/fastq/rn20c/ERR3791586_2.fq.gz
ERR3791587,/scratch.global/zhoux379/barn/data/fastq/rn20c/ERR3791587_1.fq.gz,/scratch.global/zhoux379/barn/data/fastq/rn20c/ERR3791587_2.fq.gz
ERR3791588,/scratch.global/zhoux379/barn/data/fastq/rn20c/ERR3791588_1.fq.gz,/scratch.global/zhoux379/barn/data/fastq/rn20c/ERR3791588_2.fq.gz
ERR3791589,/scratch.global/zhoux379/barn/data/fastq/rn20c/ERR3791589_1.fq.gz,/scratch.global/zhoux379/barn/data/fastq/rn20c/ERR3791589_2.fq.gz
ERR3791590,/scratch.global/zhoux379/barn/data/fastq/rn20c/ERR3791590_1.fq.gz,/scratch.global/zhoux379/barn/data/fastq/rn20c/ERR3791590_2.fq.gz
ERR3791591,/scratch.global/zhoux379/barn/data/fastq/rn20c/ERR3791591_1.fq.gz,/scratch.global/zhoux379/barn/data/fastq/rn20c/ERR3791591_2.fq.gz
ERR3791592,/scratch.global/zhoux379/barn/data/fastq/rn20c/ERR3791592_1.fq.gz,/scratch.global/zhoux379/barn/data/fastq/rn20c/ERR3791592_2.fq.gz
ERR3791593,/scratch.global/zhoux379/barn/data/fastq/rn20c/ERR3791593_1.fq.gz,/scratch.global/zhoux379/barn/data/fastq/rn20c/ERR3791593_2.fq.gz
ERR3791594,/scratch.global/zhoux379/barn/data/fastq/rn20c/ERR3791594_1.fq.gz,/scratch.global/zhoux379/barn/data/fastq/rn20c/ERR3791594_2.fq.gz
ERR3791595,/scratch.global/zhoux379/barn/data/fastq/rn20c/ERR3791595_1.fq.gz,/scratch.global/zhoux379/barn/data/fastq/rn20c/ERR3791595_2.fq.gz
ERR3791596,/scratch.global/zhoux379/barn/data/fastq/rn20c/ERR3791596_1.fq.gz,/scratch.global/zhoux379/barn/data/fastq/rn20c/ERR3791596_2.fq.gz
ERR3791597,/scratch.global/zhoux379/barn/data/fastq/rn20c/ERR3791597_1.fq.gz,/scratch.global/zhoux379/barn/data/fastq/rn20c/ERR3791597_2.fq.gz
ERR3791598,/scratch.global/zhoux379/barn/data/fastq/rn20c/ERR3791598_1.fq.gz,/scratch.global/zhoux379/barn/data/fastq/rn20c/ERR3791598_2.fq.gz
ERR3791599,/scratch.global/zhoux379/barn/data/fastq/rn20c/ERR3791599_1.fq.gz,/scratch.global/zhoux379/barn/data/fastq/rn20c/ERR3791599_2.fq.gz
ERR3791600,/scratch.global/zhoux379/barn/data/fastq/rn20c/ERR3791600_1.fq.gz,/scratch.global/zhoux379/barn/data/fastq/rn20c/ERR3791600_2.fq.gz
ERR3791601,/scratch.global/zhoux379/barn/data/fastq/rn20c/ERR3791601_1.fq.gz,/scratch.global/zhoux379/barn/data/fastq/rn20c/ERR3791601_2.fq.gz
ERR3791602,/scratch.global/zhoux379/barn/data/fastq/rn20c/ERR3791602_1.fq.gz,/scratch.global/zhoux379/barn/data/fastq/rn20c/ERR3791602_2.fq.gz
ERR3791603,/scratch.global/zhoux379/barn/data/fastq/rn20c/ERR3791603_1.fq.gz,/scratch.global/zhoux379/barn/data/fastq/rn20c/ERR3791603_2.fq.gz
ERR3791604,/scratch.global/zhoux379/barn/data/fastq/rn20c/ERR3791604_1.fq.gz,/scratch.global/zhoux379/barn/data/fastq/rn20c/ERR3791604_2.fq.gz
ERR3791605,/scratch.global/zhoux379/barn/data/fastq/rn20c/ERR3791605_1.fq.gz,/scratch.global/zhoux379/barn/data/fastq/rn20c/ERR3791605_2.fq.gz
ERR3791606,/scratch.global/zhoux379/barn/data/fastq/rn20c/ERR3791606_1.fq.gz,/scratch.global/zhoux379/barn/data/fastq/rn20c/ERR3791606_2.fq.gz
ERR3791607,/scratch.global/zhoux379/barn/data/fastq/rn20c/ERR3791607_1.fq.gz,/scratch.global/zhoux379/barn/data/fastq/rn20c/ERR3791607_2.fq.gz
ERR3791608,/scratch.global/zhoux379/barn/data/fastq/rn20c/ERR3791608_1.fq.gz,/scratch.global/zhoux379/barn/data/fastq/rn20c/ERR3791608_2.fq.gz
ERR3791609,/scratch.global/zhoux379/barn/data/fastq/rn20c/ERR3791609_1.fq.gz,/scratch.global/zhoux379/barn/data/fastq/rn20c/ERR3791609_2.fq.gz
ERR3791610,/scratch.global/zhoux379/barn/data/fastq/rn20c/ERR3791610_1.fq.gz,/scratch.global/zhoux379/barn/data/fastq/rn20c/ERR3791610_2.fq.gz
ERR3791611,/scratch.global/zhoux379/barn/data/fastq/rn20c/ERR3791611_1.fq.gz,/scratch.global/zhoux379/barn/data/fastq/rn20c/ERR3791611_2.fq.gz
ERR3791612,/scratch.global/zhoux379/barn/data/fastq/rn20c/ERR3791612_1.fq.gz,/scratch.global/zhoux379/barn/data/fastq/rn20c/ERR3791612_2.fq.gz
ERR3791613,/scratch.global/zhoux379/barn/data/fastq/rn20c/ERR3791613_1.fq.gz,/scratch.global/zhoux379/barn/data/fastq/rn20c/ERR3791613_2.fq.gz
ERR3791614,/scratch.global/zhoux379/barn/data/fastq/rn20c/ERR3791614_1.fq.gz,/scratch.global/zhoux379/barn/data/fastq/rn20c/ERR3791614_2.fq.gz
ERR3791615,/scratch.global/zhoux379/barn/data/fastq/rn20c/ERR3791615_1.fq.gz,/scratch.global/zhoux379/barn/data/fastq/rn20c/ERR3791615_2.fq.gz
ERR3791616,/scratch.global/zhoux379/barn/data/fastq/rn20c/ERR3791616_1.fq.gz,/scratch.global/zhoux379/barn/data/fastq/rn20c/ERR3791616_2.fq.gz
ERR3791617,/scratch.global/zhoux379/barn/data/fastq/rn20c/ERR3791617_1.fq.gz,/scratch.global/zhoux379/barn/data/fastq/rn20c/ERR3791617_2.fq.gz
ERR3791618,/scratch.global/zhoux379/barn/data/fastq/rn20c/ERR3791618_1.fq.gz,/scratch.global/zhoux379/barn/data/fastq/rn20c/ERR3791618_2.fq.gz
ERR3791619,/scratch.global/zhoux379/barn/data/fastq/rn20c/ERR3791619_1.fq.gz,/scratch.global/zhoux379/barn/data/fastq/rn20c/ERR3791619_2.fq.gz
ERR3791620,/scratch.global/zhoux379/barn/data/fastq/rn20c/ERR3791620_1.fq.gz,/scratch.global/zhoux379/barn/data/fastq/rn20c/ERR3791620_2.fq.gz
ERR3791621,/scratch.global/zhoux379/barn/data/fastq/rn20c/ERR3791621_1.fq.gz,/scratch.global/zhoux379/barn/data/fastq/rn20c/ERR3791621_2.fq.gz
ERR3791622,/scratch.global/zhoux379/barn/data/fastq/rn20c/ERR3791622_1.fq.gz,/scratch.global/zhoux379/barn/data/fastq/rn20c/ERR3791622_2.fq.gz
ERR3791623,/scratch.global/zhoux379/barn/data/fastq/rn20c/ERR3791623_1.fq.gz,/scratch.global/zhoux379/barn/data/fastq/rn20c/ERR3791623_2.fq.gz
ERR3791624,/scratch.global/zhoux379/barn/data/fastq/rn20c/ERR3791624_1.fq.gz,/scratch.global/zhoux379/barn/data/fastq/rn20c/ERR3791624_2.fq.gz
ERR3791625,/scratch.global/zhoux379/barn/data/fastq/rn20c/ERR3791625_1.fq.gz,/scratch.global/zhoux379/barn/data/fastq/rn20c/ERR3791625_2.fq.gz
ERR3791626,/scratch.global/zhoux379/barn/data/fastq/rn20c/ERR3791626_1.fq.gz,/scratch.global/zhoux379/barn/data/fastq/rn20c/ERR3791626_2.fq.gz
ERR3791627,/scratch.global/zhoux379/barn/data/fastq/rn20c/ERR3791627_1.fq.gz,/scratch.global/zhoux379/barn/data/fastq/rn20c/ERR3791627_2.fq.gz
ERR3791628,/scratch.global/zhoux379/barn/data/fastq/rn20c/ERR3791628_1.fq.gz,/scratch.global/zhoux379/barn/data/fastq/rn20c/ERR3791628_2.fq.gz
ERR3791629,/scratch.global/zhoux379/barn/data/fastq/rn20c/ERR3791629_1.fq.gz,/scratch.global/zhoux379/barn/data/fastq/rn20c/ERR3791629_2.fq.gz
ERR3791630,/scratch.global/zhoux379/barn/data/fastq/rn20c/ERR3791630_1.fq.gz,/scratch.global/zhoux379/barn/data/fastq/rn20c/ERR3791630_2.fq.gz
ERR3791631,/scratch.global/zhoux379/barn/data/fastq/rn20c/ERR3791631_1.fq.gz,/scratch.global/zhoux379/barn/data/fastq/rn20c/ERR3791631_2.fq.gz
ERR3791632,/scratch.global/zhoux379/barn/data/fastq/rn20c/ERR3791632_1.fq.gz,/scratch.global/zhoux379/barn/data/fastq/rn20c/ERR3791632_2.fq.gz
ERR3791633,/scratch.global/zhoux379/barn/data/fastq/rn20c/ERR3791633_1.fq.gz,/scratch.global/zhoux379/barn/data/fastq/rn20c/ERR3791633_2.fq.gz
ERR3791634,/scratch.global/zhoux379/barn/data/fastq/rn20c/ERR3791634_1.fq.gz,/scratch.global/zhoux379/barn/data/fastq/rn20c/ERR3791634_2.fq.gz
ERR3791635,/scratch.global/zhoux379/barn/data/fastq/rn20c/ERR3791635_1.fq.gz,/scratch.global/zhoux379/barn/data/fastq/rn20c/ERR3791635_2.fq.gz
ERR3791636,/scratch.global/zhoux379/barn/data/fastq/rn20c/ERR3791636_1.fq.gz,/scratch.global/zhoux379/barn/data/fastq/rn20c/ERR3791636_2.fq.gz
ERR3791637,/scratch.global/zhoux379/barn/data/fastq/rn20c/ERR3791637_1.fq.gz,/scratch.global/zhoux379/barn/data/fastq/rn20c/ERR3791637_2.fq.gz
ERR3791638,/scratch.global/zhoux379/barn/data/fastq/rn20c/ERR3791638_1.fq.gz,/scratch.global/zhoux379/barn/data/fastq/rn20c/ERR3791638_2.fq.gz
ERR3791639,/scratch.global/zhoux379/barn/data/fastq/rn20c/ERR3791639_1.fq.gz,/scratch.global/zhoux379/barn/data/fastq/rn20c/ERR3791639_2.fq.gz
ERR3791640,/scratch.global/zhoux379/barn/data/fastq/rn20c/ERR3791640_1.fq.gz,/scratch.global/zhoux379/barn/data/fastq/rn20c/ERR3791640_2.fq.gz
ERR3791641,/scratch.global/zhoux379/barn/data/fastq/rn20c/ERR3791641_1.fq.gz,/scratch.global/zhoux379/barn/data/fastq/rn20c/ERR3791641_2.fq.gz
ERR3791642,/scratch.global/zhoux379/barn/data/fastq/rn20c/ERR3791642_1.fq.gz,/scratch.global/zhoux379/barn/data/fastq/rn20c/ERR3791642_2.fq.gz
ERR3791643,/scratch.global/zhoux379/barn/data/fastq/rn20c/ERR3791643_1.fq.gz,/scratch.global/zhoux379/barn/data/fastq/rn20c/ERR3791643_2.fq.gz
ERR3791644,/scratch.global/zhoux379/barn/data/fastq/rn20c/ERR3791644_1.fq.gz,/scratch.global/zhoux379/barn/data/fastq/rn20c/ERR3791644_2.fq.gz
ERR3791645,/scratch.global/zhoux379/barn/data/fastq/rn20c/ERR3791645_1.fq.gz,/scratch.global/zhoux379/barn/data/fastq/rn20c/ERR3791645_2.fq.gz
ERR3791646,/scratch.global/zhoux379/barn/data/fastq/rn20c/ERR3791646_1.fq.gz,/scratch.global/zhoux379/barn/data/fastq/rn20c/ERR3791646_2.fq.gz
ERR3791647,/scratch.global/zhoux379/barn/data/fastq/rn20c/ERR3791647_1.fq.gz,/scratch.global/zhoux379/barn/data/fastq/rn20c/ERR3791647_2.fq.gz
ERR3791648,/scratch.global/zhoux379/barn/data/fastq/rn20c/ERR3791648_1.fq.gz,/scratch.global/zhoux379/barn/data/fastq/rn20c/ERR3791648_2.fq.gz
ERR3791649,/scratch.global/zhoux379/barn/data/fastq/rn20c/ERR3791649_1.fq.gz,/scratch.global/zhoux379/barn/data/fastq/rn20c/ERR3791649_2.fq.gz
ERR3791650,/scratch.global/zhoux379/barn/data/fastq/rn20c/ERR3791650_1.fq.gz,/scratch.global/zhoux379/barn/data/fastq/rn20c/ERR3791650_2.fq.gz
ERR3791651,/scratch.global/zhoux379/barn/data/fastq/rn20c/ERR3791651_1.fq.gz,/scratch.global/zhoux379/barn/data/fastq/rn20c/ERR3791651_2.fq.gz
ERR3791652,/scratch.global/zhoux379/barn/data/fastq/rn20c/ERR3791652_1.fq.gz,/scratch.global/zhoux379/barn/data/fastq/rn20c/ERR3791652_2.fq.gz
ERR3791653,/scratch.global/zhoux379/barn/data/fastq/rn20c/ERR3791653_1.fq.gz,/scratch.global/zhoux379/barn/data/fastq/rn20c/ERR3791653_2.fq.gz
ERR3791654,/scratch.global/zhoux379/barn/data/fastq/rn20c/ERR3791654_1.fq.gz,/scratch.global/zhoux379/barn/data/fastq/rn20c/ERR3791654_2.fq.gz
ERR3791655,/scratch.global/zhoux379/barn/data/fastq/rn20c/ERR3791655_1.fq.gz,/scratch.global/zhoux379/barn/data/fastq/rn20c/ERR3791655_2.fq.gz
ERR3791656,/scratch.global/zhoux379/barn/data/fastq/rn20c/ERR3791656_1.fq.gz,/scratch.global/zhoux379/barn/data/fastq/rn20c/ERR3791656_2.fq.gz
ERR3791657,/scratch.global/zhoux379/barn/data/fastq/rn20c/ERR3791657_1.fq.gz,/scratch.global/zhoux379/barn/data/fastq/rn20c/ERR3791657_2.fq.gz
ERR3791658,/scratch.global/zhoux379/barn/data/fastq/rn20c/ERR3791658_1.fq.gz,/scratch.global/zhoux379/barn/data/fastq/rn20c/ERR3791658_2.fq.gz
ERR3791659,/scratch.global/zhoux379/barn/data/fastq/rn20c/ERR3791659_1.fq.gz,/scratch.global/zhoux379/barn/data/fastq/rn20c/ERR3791659_2.fq.gz
ERR3791660,/scratch.global/zhoux379/barn/data/fastq/rn20c/ERR3791660_1.fq.gz,/scratch.global/zhoux379/barn/data/fastq/rn20c/ERR3791660_2.fq.gz
ERR3791661,/scratch.global/zhoux379/barn/data/fastq/rn20c/ERR3791661_1.fq.gz,/scratch.global/zhoux379/barn/data/fastq/rn20c/ERR3791661_2.fq.gz
ERR3791662,/scratch.global/zhoux379/barn/data/fastq/rn20c/ERR3791662_1.fq.gz,/scratch.global/zhoux379/barn/data/fastq/rn20c/ERR3791662_2.fq.gz
ERR3791663,/scratch.global/zhoux379/barn/data/fastq/rn20c/ERR3791663_1.fq.gz,/scratch.global/zhoux379/barn/data/fastq/rn20c/ERR3791663_2.fq.gz
ERR3791664,/scratch.global/zhoux379/barn/data/fastq/rn20c/ERR3791664_1.fq.gz,/scratch.global/zhoux379/barn/data/fastq/rn20c/ERR3791664_2.fq.gz
ERR3791665,/scratch.global/zhoux379/barn/data/fastq/rn20c/ERR3791665_1.fq.gz,/scratch.global/zhoux379/barn/data/fastq/rn20c/ERR3791665_2.fq.gz
ERR3791666,/scratch.global/zhoux379/barn/data/fastq/rn20c/ERR3791666_1.fq.gz,/scratch.global/zhoux379/barn/data/fastq/rn20c/ERR3791666_2.fq.gz
ERR3791667,/scratch.global/zhoux379/barn/data/fastq/rn20c/ERR3791667_1.fq.gz,/scratch.global/zhoux379/barn/data/fastq/rn20c/ERR3791667_2.fq.gz
ERR3791668,/scratch.global/zhoux379/barn/data/fastq/rn20c/ERR3791668_1.fq.gz,/scratch.global/zhoux379/barn/data/fastq/rn20c/ERR3791668_2.fq.gz
ERR3791669,/scratch.global/zhoux379/barn/data/fastq/rn20c/ERR3791669_1.fq.gz,/scratch.global/zhoux379/barn/data/fastq/rn20c/ERR3791669_2.fq.gz
ERR3791670,/scratch.global/zhoux379/barn/data/fastq/rn20c/ERR3791670_1.fq.gz,/scratch.global/zhoux379/barn/data/fastq/rn20c/ERR3791670_2.fq.gz
ERR3791671,/scratch.global/zhoux379/barn/data/fastq/rn20c/ERR3791671_1.fq.gz,/scratch.global/zhoux379/barn/data/fastq/rn20c/ERR3791671_2.fq.gz
ERR3791672,/scratch.global/zhoux379/barn/data/fastq/rn20c/ERR3791672_1.fq.gz,/scratch.global/zhoux379/barn/data/fastq/rn20c/ERR3791672_2.fq.gz
ERR3791673,/scratch.global/zhoux379/barn/data/fastq/rn20c/ERR3791673_1.fq.gz,/scratch.global/zhoux379/barn/data/fastq/rn20c/ERR3791673_2.fq.gz
ERR3791674,/scratch.global/zhoux379/barn/data/fastq/rn20c/ERR3791674_1.fq.gz,/scratch.global/zhoux379/barn/data/fastq/rn20c/ERR3791674_2.fq.gz
ERR3791676,/scratch.global/zhoux379/barn/data/fastq/rn20c/ERR3791676_1.fq.gz,/scratch.global/zhoux379/barn/data/fastq/rn20c/ERR3791676_2.fq.gz
ERR3791677,/scratch.global/zhoux379/barn/data/fastq/rn20c/ERR3791677_1.fq.gz,/scratch.global/zhoux379/barn/data/fastq/rn20c/ERR3791677_2.fq.gz
ERR3791678,/scratch.global/zhoux379/barn/data/fastq/rn20c/ERR3791678_1.fq.gz,/scratch.global/zhoux379/barn/data/fastq/rn20c/ERR3791678_2.fq.gz
ERR3791679,/scratch.global/zhoux379/barn/data/fastq/rn20c/ERR3791679_1.fq.gz,/scratch.global/zhoux379/barn/data/fastq/rn20c/ERR3791679_2.fq.gz
ERR3791680,/scratch.global/zhoux379/barn/data/fastq/rn20c/ERR3791680_1.fq.gz,/scratch.global/zhoux379/barn/data/fastq/rn20c/ERR3791680_2.fq.gz
ERR3791681,/scratch.global/zhoux379/barn/data/fastq/rn20c/ERR3791681_1.fq.gz,/scratch.global/zhoux379/barn/data/fastq/rn20c/ERR3791681_2.fq.gz
ERR3791682,/scratch.global/zhoux379/barn/data/fastq/rn20c/ERR3791682_1.fq.gz,/scratch.global/zhoux379/barn/data/fastq/rn20c/ERR3791682_2.fq.gz
ERR3791683,/scratch.global/zhoux379/barn/data/fastq/rn20c/ERR3791683_1.fq.gz,/scratch.global/zhoux379/barn/data/fastq/rn20c/ERR3791683_2.fq.gz
ERR3791684,/scratch.global/zhoux379/barn/data/fastq/rn20c/ERR3791684_1.fq.gz,/scratch.global/zhoux379/barn/data/fastq/rn20c/ERR3791684_2.fq.gz
ERR3791685,/scratch.global/zhoux379/barn/data/fastq/rn20c/ERR3791685_1.fq.gz,/scratch.global/zhoux379/barn/data/fastq/rn20c/ERR3791685_2.fq.gz
ERR3791686,/scratch.global/zhoux379/barn/data/fastq/rn20c/ERR3791686_1.fq.gz,/scratch.global/zhoux379/barn/data/fastq/rn20c/ERR3791686_2.fq.gz
ERR3791687,/scratch.global/zhoux379/barn/data/fastq/rn20c/ERR3791687_1.fq.gz,/scratch.global/zhoux379/barn/data/fastq/rn20c/ERR3791687_2.fq.gz
ERR3791688,/scratch.global/zhoux379/barn/data/fastq/rn20c/ERR3791688_1.fq.gz,/scratch.global/zhoux379/barn/data/fastq/rn20c/ERR3791688_2.fq.gz
ERR3791689,/scratch.global/zhoux379/barn/data/fastq/rn20c/ERR3791689_1.fq.gz,/scratch.global/zhoux379/barn/data/fastq/rn20c/ERR3791689_2.fq.gz
ERR3791690,/scratch.global/zhoux379/barn/data/fastq/rn20c/ERR3791690_1.fq.gz,/scratch.global/zhoux379/barn/data/fastq/rn20c/ERR3791690_2.fq.gz
ERR3791691,/scratch.global/zhoux379/barn/data/fastq/rn20c/ERR3791691_1.fq.gz,/scratch.global/zhoux379/barn/data/fastq/rn20c/ERR3791691_2.fq.gz
ERR3791692,/scratch.global/zhoux379/barn/data/fastq/rn20c/ERR3791692_1.fq.gz,/scratch.global/zhoux379/barn/data/fastq/rn20c/ERR3791692_2.fq.gz
ERR3791693,/scratch.global/zhoux379/barn/data/fastq/rn20c/ERR3791693_1.fq.gz,/scratch.global/zhoux379/barn/data/fastq/rn20c/ERR3791693_2.fq.gz
ERR3791694,/scratch.global/zhoux379/barn/data/fastq/rn20c/ERR3791694_1.fq.gz,/scratch.global/zhoux379/barn/data/fastq/rn20c/ERR3791694_2.fq.gz
ERR3791695,/scratch.global/zhoux379/barn/data/fastq/rn20c/ERR3791695_1.fq.gz,/scratch.global/zhoux379/barn/data/fastq/rn20c/ERR3791695_2.fq.gz
ERR3791696,/scratch.global/zhoux379/barn/data/fastq/rn20c/ERR3791696_1.fq.gz,/scratch.global/zhoux379/barn/data/fastq/rn20c/ERR3791696_2.fq.gz
ERR3791697,/scratch.global/zhoux379/barn/data/fastq/rn20c/ERR3791697_1.fq.gz,/scratch.global/zhoux379/barn/data/fastq/rn20c/ERR3791697_2.fq.gz
ERR3791698,/scratch.global/zhoux379/barn/data/fastq/rn20c/ERR3791698_1.fq.gz,/scratch.global/zhoux379/barn/data/fastq/rn20c/ERR3791698_2.fq.gz
ERR3791699,/scratch.global/zhoux379/barn/data/fastq/rn20c/ERR3791699_1.fq.gz,/scratch.global/zhoux379/barn/data/fastq/rn20c/ERR3791699_2.fq.gz
ERR3791700,/scratch.global/zhoux379/barn/data/fastq/rn20c/ERR3791700_1.fq.gz,/scratch.global/zhoux379/barn/data/fastq/rn20c/ERR3791700_2.fq.gz
ERR3791701,/scratch.global/zhoux379/barn/data/fastq/rn20c/ERR3791701_1.fq.gz,/scratch.global/zhoux379/barn/data/fastq/rn20c/ERR3791701_2.fq.gz
ERR3791702,/scratch.global/zhoux379/barn/data/fastq/rn20c/ERR3791702_1.fq.gz,/scratch.global/zhoux379/barn/data/fastq/rn20c/ERR3791702_2.fq.gz
ERR3791703,/scratch.global/zhoux379/barn/data/fastq/rn20c/ERR3791703_1.fq.gz,/scratch.global/zhoux379/barn/data/fastq/rn20c/ERR3791703_2.fq.gz
ERR3791704,/scratch.global/zhoux379/barn/data/fastq/rn20c/ERR3791704_1.fq.gz,/scratch.global/zhoux379/barn/data/fastq/rn20c/ERR3791704_2.fq.gz
ERR3791705,/scratch.global/zhoux379/barn/data/fastq/rn20c/ERR3791705_1.fq.gz,/scratch.global/zhoux379/barn/data/fastq/rn20c/ERR3791705_2.fq.gz
ERR3791706,/scratch.global/zhoux379/barn/data/fastq/rn20c/ERR3791706_1.fq.gz,/scratch.global/zhoux379/barn/data/fastq/rn20c/ERR3791706_2.fq.gz
ERR3791707,/scratch.global/zhoux379/barn/data/fastq/rn20c/ERR3791707_1.fq.gz,/scratch.global/zhoux379/barn/data/fastq/rn20c/ERR3791707_2.fq.gz
ERR3791708,/scratch.global/zhoux379/barn/data/fastq/rn20c/ERR3791708_1.fq.gz,/scratch.global/zhoux379/barn/data/fastq/rn20c/ERR3791708_2.fq.gz
ERR3791709,/scratch.global/zhoux379/barn/data/fastq/rn20c/ERR3791709_1.fq.gz,/scratch.global/zhoux379/barn/data/fastq/rn20c/ERR3791709_2.fq.gz
ERR3791710,/scratch.global/zhoux379/barn/data/fastq/rn20c/ERR3791710_1.fq.gz,/scratch.global/zhoux379/barn/data/fastq/rn20c/ERR3791710_2.fq.gz
ERR3791711,/scratch.global/zhoux379/barn/data/fastq/rn20c/ERR3791711_1.fq.gz,/scratch.global/zhoux379/barn/data/fastq/rn20c/ERR3791711_2.fq.gz
ERR3791712,/scratch.global/zhoux379/barn/data/fastq/rn20c/ERR3791712_1.fq.gz,/scratch.global/zhoux379/barn/data/fastq/rn20c/ERR3791712_2.fq.gz
ERR3791713,/scratch.global/zhoux379/barn/data/fastq/rn20c/ERR3791713_1.fq.gz,/scratch.global/zhoux379/barn/data/fastq/rn20c/ERR3791713_2.fq.gz
ERR3791714,/scratch.global/zhoux379/barn/data/fastq/rn20c/ERR3791714_1.fq.gz,/scratch.global/zhoux379/barn/data/fastq/rn20c/ERR3791714_2.fq.gz
ERR3791715,/scratch.global/zhoux379/barn/data/fastq/rn20c/ERR3791715_1.fq.gz,/scratch.global/zhoux379/barn/data/fastq/rn20c/ERR3791715_2.fq.gz
ERR3791716,/scratch.global/zhoux379/barn/data/fastq/rn20c/ERR3791716_1.fq.gz,/scratch.global/zhoux379/barn/data/fastq/rn20c/ERR3791716_2.fq.gz
ERR3791717,/scratch.global/zhoux379/barn/data/fastq/rn20c/ERR3791717_1.fq.gz,/scratch.global/zhoux379/barn/data/fastq/rn20c/ERR3791717_2.fq.gz
ERR3791718,/scratch.global/zhoux379/barn/data/fastq/rn20c/ERR3791718_1.fq.gz,/scratch.global/zhoux379/barn/data/fastq/rn20c/ERR3791718_2.fq.gz
ERR3791719,/scratch.global/zhoux379/barn/data/fastq/rn20c/ERR3791719_1.fq.gz,/scratch.global/zhoux379/barn/data/fastq/rn20c/ERR3791719_2.fq.gz
ERR3791720,/scratch.global/zhoux379/barn/data/fastq/rn20c/ERR3791720_1.fq.gz,/scratch.global/zhoux379/barn/data/fastq/rn20c/ERR3791720_2.fq.gz
ERR3791721,/scratch.global/zhoux379/barn/data/fastq/rn20c/ERR3791721_1.fq.gz,/scratch.global/zhoux379/barn/data/fastq/rn20c/ERR3791721_2.fq.gz
ERR3791722,/scratch.global/zhoux379/barn/data/fastq/rn20c/ERR3791722_1.fq.gz,/scratch.global/zhoux379/barn/data/fastq/rn20c/ERR3791722_2.fq.gz
ERR3791723,/scratch.global/zhoux379/barn/data/fastq/rn20c/ERR3791723_1.fq.gz,/scratch.global/zhoux379/barn/data/fastq/rn20c/ERR3791723_2.fq.gz
ERR3791724,/scratch.global/zhoux379/barn/data/fastq/rn20c/ERR3791724_1.fq.gz,/scratch.global/zhoux379/barn/data/fastq/rn20c/ERR3791724_2.fq.gz
ERR3791725,/scratch.global/zhoux379/barn/data/fastq/rn20c/ERR3791725_1.fq.gz,/scratch.global/zhoux379/barn/data/fastq/rn20c/ERR3791725_2.fq.gz
ERR3791726,/scratch.global/zhoux379/barn/data/fastq/rn20c/ERR3791726_1.fq.gz,/scratch.global/zhoux379/barn/data/fastq/rn20c/ERR3791726_2.fq.gz
ERR3791727,/scratch.global/zhoux379/barn/data/fastq/rn20c/ERR3791727_1.fq.gz,/scratch.global/zhoux379/barn/data/fastq/rn20c/ERR3791727_2.fq.gz
ERR3791728,/scratch.global/zhoux379/barn/data/fastq/rn20c/ERR3791728_1.fq.gz,/scratch.global/zhoux379/barn/data/fastq/rn20c/ERR3791728_2.fq.gz
ERR3791729,/scratch.global/zhoux379/barn/data/fastq/rn20c/ERR3791729_1.fq.gz,/scratch.global/zhoux379/barn/data/fastq/rn20c/ERR3791729_2.fq.gz
ERR3791730,/scratch.global/zhoux379/barn/data/fastq/rn20c/ERR3791730_1.fq.gz,/scratch.global/zhoux379/barn/data/fastq/rn20c/ERR3791730_2.fq.gz
ERR3791731,/scratch.global/zhoux379/barn/data/fastq/rn20c/ERR3791731_1.fq.gz,/scratch.global/zhoux379/barn/data/fastq/rn20c/ERR3791731_2.fq.gz
ERR3791732,/scratch.global/zhoux379/barn/data/fastq/rn20c/ERR3791732_1.fq.gz,/scratch.global/zhoux379/barn/data/fastq/rn20c/ERR3791732_2.fq.gz
ERR3791733,/scratch.global/zhoux379/barn/data/fastq/rn20c/ERR3791733_1.fq.gz,/scratch.global/zhoux379/barn/data/fastq/rn20c/ERR3791733_2.fq.gz
ERR3791734,/scratch.global/zhoux379/barn/data/fastq/rn20c/ERR3791734_1.fq.gz,/scratch.global/zhoux379/barn/data/fastq/rn20c/ERR3791734_2.fq.gz
ERR3791735,/scratch.global/zhoux379/barn/data/fastq/rn20c/ERR3791735_1.fq.gz,/scratch.global/zhoux379/barn/data/fastq/rn20c/ERR3791735_2.fq.gz
ERR3791736,/scratch.global/zhoux379/barn/data/fastq/rn20c/ERR3791736_1.fq.gz,/scratch.global/zhoux379/barn/data/fastq/rn20c/ERR3791736_2.fq.gz
ERR3791737,/scratch.global/zhoux379/barn/data/fastq/rn20c/ERR3791737_1.fq.gz,/scratch.global/zhoux379/barn/data/fastq/rn20c/ERR3791737_2.fq.gz
ERR3791738,/scratch.global/zhoux379/barn/data/fastq/rn20c/ERR3791738_1.fq.gz,/scratch.global/zhoux379/barn/data/fastq/rn20c/ERR3791738_2.fq.gz
ERR3791740,/scratch.global/zhoux379/barn/data/fastq/rn20c/ERR3791740_1.fq.gz,/scratch.global/zhoux379/barn/data/fastq/rn20c/ERR3791740_2.fq.gz
ERR3791741,/scratch.global/zhoux379/barn/data/fastq/rn20c/ERR3791741_1.fq.gz,/scratch.global/zhoux379/barn/data/fastq/rn20c/ERR3791741_2.fq.gz
ERR3791742,/scratch.global/zhoux379/barn/data/fastq/rn20c/ERR3791742_1.fq.gz,/scratch.global/zhoux379/barn/data/fastq/rn20c/ERR3791742_2.fq.gz
ERR3791743,/scratch.global/zhoux379/barn/data/fastq/rn20c/ERR3791743_1.fq.gz,/scratch.global/zhoux379/barn/data/fastq/rn20c/ERR3791743_2.fq.gz
ERR3791744,/scratch.global/zhoux379/barn/data/fastq/rn20c/ERR3791744_1.fq.gz,/scratch.global/zhoux379/barn/data/fastq/rn20c/ERR3791744_2.fq.gz
ERR3791745,/scratch.global/zhoux379/barn/data/fastq/rn20c/ERR3791745_1.fq.gz,/scratch.global/zhoux379/barn/data/fastq/rn20c/ERR3791745_2.fq.gz
ERR3791746,/scratch.global/zhoux379/barn/data/fastq/rn20c/ERR3791746_1.fq.gz,/scratch.global/zhoux379/barn/data/fastq/rn20c/ERR3791746_2.fq.gz
ERR3791747,/scratch.global/zhoux379/barn/data/fastq/rn20c/ERR3791747_1.fq.gz,/scratch.global/zhoux379/barn/data/fastq/rn20c/ERR3791747_2.fq.gz
ERR3791748,/scratch.global/zhoux379/barn/data/fastq/rn20c/ERR3791748_1.fq.gz,/scratch.global/zhoux379/barn/data/fastq/rn20c/ERR3791748_2.fq.gz
ERR3791749,/scratch.global/zhoux379/barn/data/fastq/rn20c/ERR3791749_1.fq.gz,/scratch.global/zhoux379/barn/data/fastq/rn20c/ERR3791749_2.fq.gz
ERR3791750,/scratch.global/zhoux379/barn/data/fastq/rn20c/ERR3791750_1.fq.gz,/scratch.global/zhoux379/barn/data/fastq/rn20c/ERR3791750_2.fq.gz
ERR3791751,/scratch.global/zhoux379/barn/data/fastq/rn20c/ERR3791751_1.fq.gz,/scratch.global/zhoux379/barn/data/fastq/rn20c/ERR3791751_2.fq.gz
ERR3791752,/scratch.global/zhoux379/barn/data/fastq/rn20c/ERR3791752_1.fq.gz,/scratch.global/zhoux379/barn/data/fastq/rn20c/ERR3791752_2.fq.gz
ERR3791753,/scratch.global/zhoux379/barn/data/fastq/rn20c/ERR3791753_1.fq.gz,/scratch.global/zhoux379/barn/data/fastq/rn20c/ERR3791753_2.fq.gz
ERR3791754,/scratch.global/zhoux379/barn/data/fastq/rn20c/ERR3791754_1.fq.gz,/scratch.global/zhoux379/barn/data/fastq/rn20c/ERR3791754_2.fq.gz
ERR3791755,/scratch.global/zhoux379/barn/data/fastq/rn20c/ERR3791755_1.fq.gz,/scratch.global/zhoux379/barn/data/fastq/rn20c/ERR3791755_2.fq.gz
ERR3791756,/scratch.global/zhoux379/barn/data/fastq/rn20c/ERR3791756_1.fq.gz,/scratch.global/zhoux379/barn/data/fastq/rn20c/ERR3791756_2.fq.gz
ERR3791757,/scratch.global/zhoux379/barn/data/fastq/rn20c/ERR3791757_1.fq.gz,/scratch.global/zhoux379/barn/data/fastq/rn20c/ERR3791757_2.fq.gz
ERR3791758,/scratch.global/zhoux379/barn/data/fastq/rn20c/ERR3791758_1.fq.gz,/scratch.global/zhoux379/barn/data/fastq/rn20c/ERR3791758_2.fq.gz
ERR3791759,/scratch.global/zhoux379/barn/data/fastq/rn20c/ERR3791759_1.fq.gz,/scratch.global/zhoux379/barn/data/fastq/rn20c/ERR3791759_2.fq.gz
ERR3791760,/scratch.global/zhoux379/barn/data/fastq/rn20c/ERR3791760_1.fq.gz,/scratch.global/zhoux379/barn/data/fastq/rn20c/ERR3791760_2.fq.gz
ERR3791761,/scratch.global/zhoux379/barn/data/fastq/rn20c/ERR3791761_1.fq.gz,/scratch.global/zhoux379/barn/data/fastq/rn20c/ERR3791761_2.fq.gz
ERR3791762,/scratch.global/zhoux379/barn/data/fastq/rn20c/ERR3791762_1.fq.gz,/scratch.global/zhoux379/barn/data/fastq/rn20c/ERR3791762_2.fq.gz
ERR3791763,/scratch.global/zhoux379/barn/data/fastq/rn20c/ERR3791763_1.fq.gz,/scratch.global/zhoux379/barn/data/fastq/rn20c/ERR3791763_2.fq.gz
ERR3791764,/scratch.global/zhoux379/barn/data/fastq/rn20c/ERR3791764_1.fq.gz,/scratch.global/zhoux379/barn/data/fastq/rn20c/ERR3791764_2.fq.gz
ERR3791765,/scratch.global/zhoux379/barn/data/fastq/rn20c/ERR3791765_1.fq.gz,/scratch.global/zhoux379/barn/data/fastq/rn20c/ERR3791765_2.fq.gz
ERR3791766,/scratch.global/zhoux379/barn/data/fastq/rn20c/ERR3791766_1.fq.gz,/scratch.global/zhoux379/barn/data/fastq/rn20c/ERR3791766_2.fq.gz
ERR3791767,/scratch.global/zhoux379/barn/data/fastq/rn20c/ERR3791767_1.fq.gz,/scratch.global/zhoux379/barn/data/fastq/rn20c/ERR3791767_2.fq.gz
ERR3791768,/scratch.global/zhoux379/barn/data/fastq/rn20c/ERR3791768_1.fq.gz,/scratch.global/zhoux379/barn/data/fastq/rn20c/ERR3791768_2.fq.gz
ERR3791769,/scratch.global/zhoux379/barn/data/fastq/rn20c/ERR3791769_1.fq.gz,/scratch.global/zhoux379/barn/data/fastq/rn20c/ERR3791769_2.fq.gz
ERR3791770,/scratch.global/zhoux379/barn/data/fastq/rn20c/ERR3791770_1.fq.gz,/scratch.global/zhoux379/barn/data/fastq/rn20c/ERR3791770_2.fq.gz
ERR3791771,/scratch.global/zhoux379/barn/data/fastq/rn20c/ERR3791771_1.fq.gz,/scratch.global/zhoux379/barn/data/fastq/rn20c/ERR3791771_2.fq.gz
ERR3791772,/scratch.global/zhoux379/barn/data/fastq/rn20c/ERR3791772_1.fq.gz,/scratch.global/zhoux379/barn/data/fastq/rn20c/ERR3791772_2.fq.gz
ERR3791773,/scratch.global/zhoux379/barn/data/fastq/rn20c/ERR3791773_1.fq.gz,/scratch.global/zhoux379/barn/data/fastq/rn20c/ERR3791773_2.fq.gz
ERR3791774,/scratch.global/zhoux379/barn/data/fastq/rn20c/ERR3791774_1.fq.gz,/scratch.global/zhoux379/barn/data/fastq/rn20c/ERR3791774_2.fq.gz
ERR3791775,/scratch.global/zhoux379/barn/data/fastq/rn20c/ERR3791775_1.fq.gz,/scratch.global/zhoux379/barn/data/fastq/rn20c/ERR3791775_2.fq.gz
ERR3791776,/scratch.global/zhoux379/barn/data/fastq/rn20c/ERR3791776_1.fq.gz,/scratch.global/zhoux379/barn/data/fastq/rn20c/ERR3791776_2.fq.gz
ERR3791777,/scratch.global/zhoux379/barn/data/fastq/rn20c/ERR3791777_1.fq.gz,/scratch.global/zhoux379/barn/data/fastq/rn20c/ERR3791777_2.fq.gz
ERR3791778,/scratch.global/zhoux379/barn/data/fastq/rn20c/ERR3791778_1.fq.gz,/scratch.global/zhoux379/barn/data/fastq/rn20c/ERR3791778_2.fq.gz
ERR3791779,/scratch.global/zhoux379/barn/data/fastq/rn20c/ERR3791779_1.fq.gz,/scratch.global/zhoux379/barn/data/fastq/rn20c/ERR3791779_2.fq.gz
ERR3791780,/scratch.global/zhoux379/barn/data/fastq/rn20c/ERR3791780_1.fq.gz,/scratch.global/zhoux379/barn/data/fastq/rn20c/ERR3791780_2.fq.gz
ERR3791782,/scratch.global/zhoux379/barn/data/fastq/rn20c/ERR3791782_1.fq.gz,/scratch.global/zhoux379/barn/data/fastq/rn20c/ERR3791782_2.fq.gz
ERR3791783,/scratch.global/zhoux379/barn/data/fastq/rn20c/ERR3791783_1.fq.gz,/scratch.global/zhoux379/barn/data/fastq/rn20c/ERR3791783_2.fq.gz
ERR3791784,/scratch.global/zhoux379/barn/data/fastq/rn20c/ERR3791784_1.fq.gz,/scratch.global/zhoux379/barn/data/fastq/rn20c/ERR3791784_2.fq.gz
ERR3791785,/scratch.global/zhoux379/barn/data/fastq/rn20c/ERR3791785_1.fq.gz,/scratch.global/zhoux379/barn/data/fastq/rn20c/ERR3791785_2.fq.gz
ERR3791786,/scratch.global/zhoux379/barn/data/fastq/rn20c/ERR3791786_1.fq.gz,/scratch.global/zhoux379/barn/data/fastq/rn20c/ERR3791786_2.fq.gz
ERR3791787,/scratch.global/zhoux379/barn/data/fastq/rn20c/ERR3791787_1.fq.gz,/scratch.global/zhoux379/barn/data/fastq/rn20c/ERR3791787_2.fq.gz
ERR3791788,/scratch.global/zhoux379/barn/data/fastq/rn20c/ERR3791788_1.fq.gz,/scratch.global/zhoux379/barn/data/fastq/rn20c/ERR3791788_2.fq.gz
ERR3791789,/scratch.global/zhoux379/barn/data/fastq/rn20c/ERR3791789_1.fq.gz,/scratch.global/zhoux379/barn/data/fastq/rn20c/ERR3791789_2.fq.gz
ERR3791790,/scratch.global/zhoux379/barn/data/fastq/rn20c/ERR3791790_1.fq.gz,/scratch.global/zhoux379/barn/data/fastq/rn20c/ERR3791790_2.fq.gz
ERR3791791,/scratch.global/zhoux379/barn/data/fastq/rn20c/ERR3791791_1.fq.gz,/scratch.global/zhoux379/barn/data/fastq/rn20c/ERR3791791_2.fq.gz
ERR3791792,/scratch.global/zhoux379/barn/data/fastq/rn20c/ERR3791792_1.fq.gz,/scratch.global/zhoux379/barn/data/fastq/rn20c/ERR3791792_2.fq.gz
ERR3791794,/scratch.global/zhoux379/barn/data/fastq/rn20c/ERR3791794_1.fq.gz,/scratch.global/zhoux379/barn/data/fastq/rn20c/ERR3791794_2.fq.gz
ERR3791795,/scratch.global/zhoux379/barn/data/fastq/rn20c/ERR3791795_1.fq.gz,/scratch.global/zhoux379/barn/data/fastq/rn20c/ERR3791795_2.fq.gz
ERR3791796,/scratch.global/zhoux379/barn/data/fastq/rn20c/ERR3791796_1.fq.gz,/scratch.global/zhoux379/barn/data/fastq/rn20c/ERR3791796_2.fq.gz
ERR3791797,/scratch.global/zhoux379/barn/data/fastq/rn20c/ERR3791797_1.fq.gz,/scratch.global/zhoux379/barn/data/fastq/rn20c/ERR3791797_2.fq.gz
ERR3791798,/scratch.global/zhoux379/barn/data/fastq/rn20c/ERR3791798_1.fq.gz,/scratch.global/zhoux379/barn/data/fastq/rn20c/ERR3791798_2.fq.gz
ERR3791799,/scratch.global/zhoux379/barn/data/fastq/rn20c/ERR3791799_1.fq.gz,/scratch.global/zhoux379/barn/data/fastq/rn20c/ERR3791799_2.fq.gz
ERR3791800,/scratch.global/zhoux379/barn/data/fastq/rn20c/ERR3791800_1.fq.gz,/scratch.global/zhoux379/barn/data/fastq/rn20c/ERR3791800_2.fq.gz
ERR3791801,/scratch.global/zhoux379/barn/data/fastq/rn20c/ERR3791801_1.fq.gz,/scratch.global/zhoux379/barn/data/fastq/rn20c/ERR3791801_2.fq.gz
ERR3791802,/scratch.global/zhoux379/barn/data/fastq/rn20c/ERR3791802_1.fq.gz,/scratch.global/zhoux379/barn/data/fastq/rn20c/ERR3791802_2.fq.gz
ERR3791803,/scratch.global/zhoux379/barn/data/fastq/rn20c/ERR3791803_1.fq.gz,/scratch.global/zhoux379/barn/data/fastq/rn20c/ERR3791803_2.fq.gz
ERR3791804,/scratch.global/zhoux379/barn/data/fastq/rn20c/ERR3791804_1.fq.gz,/scratch.global/zhoux379/barn/data/fastq/rn20c/ERR3791804_2.fq.gz
ERR3791805,/scratch.global/zhoux379/barn/data/fastq/rn20c/ERR3791805_1.fq.gz,/scratch.global/zhoux379/barn/data/fastq/rn20c/ERR3791805_2.fq.gz
ERR3791806,/scratch.global/zhoux379/barn/data/fastq/rn20c/ERR3791806_1.fq.gz,/scratch.global/zhoux379/barn/data/fastq/rn20c/ERR3791806_2.fq.gz
ERR3791807,/scratch.global/zhoux379/barn/data/fastq/rn20c/ERR3791807_1.fq.gz,/scratch.global/zhoux379/barn/data/fastq/rn20c/ERR3791807_2.fq.gz
ERR3791808,/scratch.global/zhoux379/barn/data/fastq/rn20c/ERR3791808_1.fq.gz,/scratch.global/zhoux379/barn/data/fastq/rn20c/ERR3791808_2.fq.gz
ERR3791809,/scratch.global/zhoux379/barn/data/fastq/rn20c/ERR3791809_1.fq.gz,/scratch.global/zhoux379/barn/data/fastq/rn20c/ERR3791809_2.fq.gz
ERR3791810,/scratch.global/zhoux379/barn/data/fastq/rn20c/ERR3791810_1.fq.gz,/scratch.global/zhoux379/barn/data/fastq/rn20c/ERR3791810_2.fq.gz
ERR3791811,/scratch.global/zhoux379/barn/data/fastq/rn20c/ERR3791811_1.fq.gz,/scratch.global/zhoux379/barn/data/fastq/rn20c/ERR3791811_2.fq.gz
ERR3791812,/scratch.global/zhoux379/barn/data/fastq/rn20c/ERR3791812_1.fq.gz,/scratch.global/zhoux379/barn/data/fastq/rn20c/ERR3791812_2.fq.gz
ERR3791813,/scratch.global/zhoux379/barn/data/fastq/rn20c/ERR3791813_1.fq.gz,/scratch.global/zhoux379/barn/data/fastq/rn20c/ERR3791813_2.fq.gz
ERR3791814,/scratch.global/zhoux379/barn/data/fastq/rn20c/ERR3791814_1.fq.gz,/scratch.global/zhoux379/barn/data/fastq/rn20c/ERR3791814_2.fq.gz
ERR3791815,/scratch.global/zhoux379/barn/data/fastq/rn20c/ERR3791815_1.fq.gz,/scratch.global/zhoux379/barn/data/fastq/rn20c/ERR3791815_2.fq.gz
ERR3791816,/scratch.global/zhoux379/barn/data/fastq/rn20c/ERR3791816_1.fq.gz,/scratch.global/zhoux379/barn/data/fastq/rn20c/ERR3791816_2.fq.gz
ERR3791817,/scratch.global/zhoux379/barn/data/fastq/rn20c/ERR3791817_1.fq.gz,/scratch.global/zhoux379/barn/data/fastq/rn20c/ERR3791817_2.fq.gz
ERR3791818,/scratch.global/zhoux379/barn/data/fastq/rn20c/ERR3791818_1.fq.gz,/scratch.global/zhoux379/barn/data/fastq/rn20c/ERR3791818_2.fq.gz
ERR3791819,/scratch.global/zhoux379/barn/data/fastq/rn20c/ERR3791819_1.fq.gz,/scratch.global/zhoux379/barn/data/fastq/rn20c/ERR3791819_2.fq.gz
ERR3791820,/scratch.global/zhoux379/barn/data/fastq/rn20c/ERR3791820_1.fq.gz,/scratch.global/zhoux379/barn/data/fastq/rn20c/ERR3791820_2.fq.gz
ERR3791821,/scratch.global/zhoux379/barn/data/fastq/rn20c/ERR3791821_1.fq.gz,/scratch.global/zhoux379/barn/data/fastq/rn20c/ERR3791821_2.fq.gz
ERR3791822,/scratch.global/zhoux379/barn/data/fastq/rn20c/ERR3791822_1.fq.gz,/scratch.global/zhoux379/barn/data/fastq/rn20c/ERR3791822_2.fq.gz
ERR3791823,/scratch.global/zhoux379/barn/data/fastq/rn20c/ERR3791823_1.fq.gz,/scratch.global/zhoux379/barn/data/fastq/rn20c/ERR3791823_2.fq.gz
ERR3791824,/scratch.global/zhoux379/barn/data/fastq/rn20c/ERR3791824_1.fq.gz,/scratch.global/zhoux379/barn/data/fastq/rn20c/ERR3791824_2.fq.gz
ERR3791825,/scratch.global/zhoux379/barn/data/fastq/rn20c/ERR3791825_1.fq.gz,/scratch.global/zhoux379/barn/data/fastq/rn20c/ERR3791825_2.fq.gz
ERR3791826,/scratch.global/zhoux379/barn/data/fastq/rn20c/ERR3791826_1.fq.gz,/scratch.global/zhoux379/barn/data/fastq/rn20c/ERR3791826_2.fq.gz
ERR3791827,/scratch.global/zhoux379/barn/data/fastq/rn20c/ERR3791827_1.fq.gz,/scratch.global/zhoux379/barn/data/fastq/rn20c/ERR3791827_2.fq.gz
ERR3791828,/scratch.global/zhoux379/barn/data/fastq/rn20c/ERR3791828_1.fq.gz,/scratch.global/zhoux379/barn/data/fastq/rn20c/ERR3791828_2.fq.gz
ERR3791829,/scratch.global/zhoux379/barn/data/fastq/rn20c/ERR3791829_1.fq.gz,/scratch.global/zhoux379/barn/data/fastq/rn20c/ERR3791829_2.fq.gz
ERR3791830,/scratch.global/zhoux379/barn/data/fastq/rn20c/ERR3791830_1.fq.gz,/scratch.global/zhoux379/barn/data/fastq/rn20c/ERR3791830_2.fq.gz
ERR3791831,/scratch.global/zhoux379/barn/data/fastq/rn20c/ERR3791831_1.fq.gz,/scratch.global/zhoux379/barn/data/fastq/rn20c/ERR3791831_2.fq.gz
ERR3791832,/scratch.global/zhoux379/barn/data/fastq/rn20c/ERR3791832_1.fq.gz,/scratch.global/zhoux379/barn/data/fastq/rn20c/ERR3791832_2.fq.gz
ERR3791833,/scratch.global/zhoux379/barn/data/fastq/rn20c/ERR3791833_1.fq.gz,/scratch.global/zhoux379/barn/data/fastq/rn20c/ERR3791833_2.fq.gz
ERR3791834,/scratch.global/zhoux379/barn/data/fastq/rn20c/ERR3791834_1.fq.gz,/scratch.global/zhoux379/barn/data/fastq/rn20c/ERR3791834_2.fq.gz
ERR3791835,/scratch.global/zhoux379/barn/data/fastq/rn20c/ERR3791835_1.fq.gz,/scratch.global/zhoux379/barn/data/fastq/rn20c/ERR3791835_2.fq.gz
ERR3791836,/scratch.global/zhoux379/barn/data/fastq/rn20c/ERR3791836_1.fq.gz,/scratch.global/zhoux379/barn/data/fastq/rn20c/ERR3791836_2.fq.gz
ERR3791837,/scratch.global/zhoux379/barn/data/fastq/rn20c/ERR3791837_1.fq.gz,/scratch.global/zhoux379/barn/data/fastq/rn20c/ERR3791837_2.fq.gz
ERR3791838,/scratch.global/zhoux379/barn/data/fastq/rn20c/ERR3791838_1.fq.gz,/scratch.global/zhoux379/barn/data/fastq/rn20c/ERR3791838_2.fq.gz
ERR3791839,/scratch.global/zhoux379/barn/data/fastq/rn20c/ERR3791839_1.fq.gz,/scratch.global/zhoux379/barn/data/fastq/rn20c/ERR3791839_2.fq.gz
ERR3791840,/scratch.global/zhoux379/barn/data/fastq/rn20c/ERR3791840_1.fq.gz,/scratch.global/zhoux379/barn/data/fastq/rn20c/ERR3791840_2.fq.gz
ERR3791841,/scratch.global/zhoux379/barn/data/fastq/rn20c/ERR3791841_1.fq.gz,/scratch.global/zhoux379/barn/data/fastq/rn20c/ERR3791841_2.fq.gz
ERR3791842,/scratch.global/zhoux379/barn/data/fastq/rn20c/ERR3791842_1.fq.gz,/scratch.global/zhoux379/barn/data/fastq/rn20c/ERR3791842_2.fq.gz
ERR3791843,/scratch.global/zhoux379/barn/data/fastq/rn20c/ERR3791843_1.fq.gz,/scratch.global/zhoux379/barn/data/fastq/rn20c/ERR3791843_2.fq.gz
ERR3791844,/scratch.global/zhoux379/barn/data/fastq/rn20c/ERR3791844_1.fq.gz,/scratch.global/zhoux379/barn/data/fastq/rn20c/ERR3791844_2.fq.gz
ERR3791845,/scratch.global/zhoux379/barn/data/fastq/rn20c/ERR3791845_1.fq.gz,/scratch.global/zhoux379/barn/data/fastq/rn20c/ERR3791845_2.fq.gz
ERR3791846,/scratch.global/zhoux379/barn/data/fastq/rn20c/ERR3791846_1.fq.gz,/scratch.global/zhoux379/barn/data/fastq/rn20c/ERR3791846_2.fq.gz
ERR3791847,/scratch.global/zhoux379/barn/data/fastq/rn20c/ERR3791847_1.fq.gz,/scratch.global/zhoux379/barn/data/fastq/rn20c/ERR3791847_2.fq.gz
ERR3791848,/scratch.global/zhoux379/barn/data/fastq/rn20c/ERR3791848_1.fq.gz,/scratch.global/zhoux379/barn/data/fastq/rn20c/ERR3791848_2.fq.gz
ERR3791849,/scratch.global/zhoux379/barn/data/fastq/rn20c/ERR3791849_1.fq.gz,/scratch.global/zhoux379/barn/data/fastq/rn20c/ERR3791849_2.fq.gz
ERR3791850,/scratch.global/zhoux379/barn/data/fastq/rn20c/ERR3791850_1.fq.gz,/scratch.global/zhoux379/barn/data/fastq/rn20c/ERR3791850_2.fq.gz
ERR3791851,/scratch.global/zhoux379/barn/data/fastq/rn20c/ERR3791851_1.fq.gz,/scratch.global/zhoux379/barn/data/fastq/rn20c/ERR3791851_2.fq.gz
ERR3791852,/scratch.global/zhoux379/barn/data/fastq/rn20c/ERR3791852_1.fq.gz,/scratch.global/zhoux379/barn/data/fastq/rn20c/ERR3791852_2.fq.gz
ERR3791853,/scratch.global/zhoux379/barn/data/fastq/rn20c/ERR3791853_1.fq.gz,/scratch.global/zhoux379/barn/data/fastq/rn20c/ERR3791853_2.fq.gz
ERR3791854,/scratch.global/zhoux379/barn/data/fastq/rn20c/ERR3791854_1.fq.gz,/scratch.global/zhoux379/barn/data/fastq/rn20c/ERR3791854_2.fq.gz
ERR3791855,/scratch.global/zhoux379/barn/data/fastq/rn20c/ERR3791855_1.fq.gz,/scratch.global/zhoux379/barn/data/fastq/rn20c/ERR3791855_2.fq.gz
ERR3791856,/scratch.global/zhoux379/barn/data/fastq/rn20c/ERR3791856_1.fq.gz,/scratch.global/zhoux379/barn/data/fastq/rn20c/ERR3791856_2.fq.gz
ERR3791857,/scratch.global/zhoux379/barn/data/fastq/rn20c/ERR3791857_1.fq.gz,/scratch.global/zhoux379/barn/data/fastq/rn20c/ERR3791857_2.fq.gz
ERR3791858,/scratch.global/zhoux379/barn/data/fastq/rn20c/ERR3791858_1.fq.gz,/scratch.global/zhoux379/barn/data/fastq/rn20c/ERR3791858_2.fq.gz
ERR3791860,/scratch.global/zhoux379/barn/data/fastq/rn20c/ERR3791860_1.fq.gz,/scratch.global/zhoux379/barn/data/fastq/rn20c/ERR3791860_2.fq.gz
ERR3791861,/scratch.global/zhoux379/barn/data/fastq/rn20c/ERR3791861_1.fq.gz,/scratch.global/zhoux379/barn/data/fastq/rn20c/ERR3791861_2.fq.gz
ERR3791862,/scratch.global/zhoux379/barn/data/fastq/rn20c/ERR3791862_1.fq.gz,/scratch.global/zhoux379/barn/data/fastq/rn20c/ERR3791862_2.fq.gz
ERR3791863,/scratch.global/zhoux379/barn/data/fastq/rn20c/ERR3791863_1.fq.gz,/scratch.global/zhoux379/barn/data/fastq/rn20c/ERR3791863_2.fq.gz
ERR3791864,/scratch.global/zhoux379/barn/data/fastq/rn20c/ERR3791864_1.fq.gz,/scratch.global/zhoux379/barn/data/fastq/rn20c/ERR3791864_2.fq.gz
ERR3791865,/scratch.global/zhoux379/barn/data/fastq/rn20c/ERR3791865_1.fq.gz,/scratch.global/zhoux379/barn/data/fastq/rn20c/ERR3791865_2.fq.gz
ERR3791866,/scratch.global/zhoux379/barn/data/fastq/rn20c/ERR3791866_1.fq.gz,/scratch.global/zhoux379/barn/data/fastq/rn20c/ERR3791866_2.fq.gz
ERR3791867,/scratch.global/zhoux379/barn/data/fastq/rn20c/ERR3791867_1.fq.gz,/scratch.global/zhoux379/barn/data/fastq/rn20c/ERR3791867_2.fq.gz
ERR3791868,/scratch.global/zhoux379/barn/data/fastq/rn20c/ERR3791868_1.fq.gz,/scratch.global/zhoux379/barn/data/fastq/rn20c/ERR3791868_2.fq.gz
ERR3791869,/scratch.global/zhoux379/barn/data/fastq/rn20c/ERR3791869_1.fq.gz,/scratch.global/zhoux379/barn/data/fastq/rn20c/ERR3791869_2.fq.gz
ERR3791870,/scratch.global/zhoux379/barn/data/fastq/rn20c/ERR3791870_1.fq.gz,/scratch.global/zhoux379/barn/data/fastq/rn20c/ERR3791870_2.fq.gz
ERR3791871,/scratch.global/zhoux379/barn/data/fastq/rn20c/ERR3791871_1.fq.gz,/scratch.global/zhoux379/barn/data/fastq/rn20c/ERR3791871_2.fq.gz
ERR3791872,/scratch.global/zhoux379/barn/data/fastq/rn20c/ERR3791872_1.fq.gz,/scratch.global/zhoux379/barn/data/fastq/rn20c/ERR3791872_2.fq.gz
ERR3791873,/scratch.global/zhoux379/barn/data/fastq/rn20c/ERR3791873_1.fq.gz,/scratch.global/zhoux379/barn/data/fastq/rn20c/ERR3791873_2.fq.gz
ERR3791874,/scratch.global/zhoux379/barn/data/fastq/rn20c/ERR3791874_1.fq.gz,/scratch.global/zhoux379/barn/data/fastq/rn20c/ERR3791874_2.fq.gz
ERR3791875,/scratch.global/zhoux379/barn/data/fastq/rn20c/ERR3791875_1.fq.gz,/scratch.global/zhoux379/barn/data/fastq/rn20c/ERR3791875_2.fq.gz
ERR3791876,/scratch.global/zhoux379/barn/data/fastq/rn20c/ERR3791876_1.fq.gz,/scratch.global/zhoux379/barn/data/fastq/rn20c/ERR3791876_2.fq.gz
ERR3791877,/scratch.global/zhoux379/barn/data/fastq/rn20c/ERR3791877_1.fq.gz,/scratch.global/zhoux379/barn/data/fastq/rn20c/ERR3791877_2.fq.gz
ERR3791878,/scratch.global/zhoux379/barn/data/fastq/rn20c/ERR3791878_1.fq.gz,/scratch.global/zhoux379/barn/data/fastq/rn20c/ERR3791878_2.fq.gz
ERR3791879,/scratch.global/zhoux379/barn/data/fastq/rn20c/ERR3791879_1.fq.gz,/scratch.global/zhoux379/barn/data/fastq/rn20c/ERR3791879_2.fq.gz
ERR3791880,/scratch.global/zhoux379/barn/data/fastq/rn20c/ERR3791880_1.fq.gz,/scratch.global/zhoux379/barn/data/fastq/rn20c/ERR3791880_2.fq.gz
ERR3791881,/scratch.global/zhoux379/barn/data/fastq/rn20c/ERR3791881_1.fq.gz,/scratch.global/zhoux379/barn/data/fastq/rn20c/ERR3791881_2.fq.gz
ERR3791882,/scratch.global/zhoux379/barn/data/fastq/rn20c/ERR3791882_1.fq.gz,/scratch.global/zhoux379/barn/data/fastq/rn20c/ERR3791882_2.fq.gz
